ticker,delisting_date,delisting_reason
023460,20250714,기업의 계속성 및 경영의 투명성 등을 종합적으로 고려하여 상장폐지기준에 해당한다고 결정
226440,20250619,기업의 계속성 및 경영의 투명성 등을 종합적으로 고려하여 상장폐지기준에 해당한다고 결정
323230,20250619,기업의 계속성 및 경영의 투명성 등을 종합적으로 고려하여 상장폐지기준에 해당한다고 결정
071460,20250618,감사의견 거절(감사범위 제한 및 계속기업가정 불확실성)
072520,20250618,감사의견 거절(감사범위 제한 및 계속기업 가정 불확실성)
283100,20250528,외부감사인의 감사의견 의견거절
012600,20250527,"기업의 계속성, 경영의 투명성 및 기타 공익과 투자자 보호 등을 종합적으로 고려하여 상장폐지 기준에 해당한다고 결정"
258540,20250507,감사의견 의견거절
214870,20250331,감사의견 거절(감사범위 제한 및 계속기업가정 불확실성)
038340,20250328,기업의 계속성 및 경영의 투명성 등을 종합적으로 고려하여 상장폐지기준에 해당한다고 결정
268600,20250307,감사의견 거절(감사범위 제한 및 계속기업 가정 불확실성)
446600,20250225,지정자문인 선임계약 해지 후 30일 이내 미체결('25.2.11限)
078940,20250219,기업의 계속성 및 경영의 투명성 등을 종합적으로 고려하여 상장폐지기준에 해당한다고 결정
299910,20250214,기업의 계속성 및 경영의 투명성 등을 종합적으로 고려하여 상장폐지기준에 해당한다고 결정
160600,20250214,기업의 계속성 및 경영의 투명성 등을 종합적으로 고려하여 상장폐지기준에 해당한다고 결정
900280,20250108,"사업보고서, 반기보고서 또는 분기보고서 미제출로 상장규정 제53조제1항제6호에 따라 관리종목으로 지정된 상태에서 공시규정 제19조제1항에 따른 사업보고서, 반기보고서 또는 분기보고서를 법정제출기한내 미제출"
214310,20241223,기업의 계속성 및 경영의 투명성 등을 종합적으로 고려하여 상장폐지기준에 해당한다고 결정
419700,20241212,지정자문인 선임계약 해지 후 30일 이내 미체결('24.11.28限)
062860,20241114,기업의 계속성 및 경영의 투명성 등을 종합적으로 고려하여 상장폐지기준에 해당한다고 결정
263540,20241106,기업의 계속성 및 경영의 투명성 등을 종합적으로 고려하여 상장폐지기준에 해당한다고 결정
053590,20241007,해산사유 발생(파산선고)
286000,20241007,외부감사인의 감사의견 의견거절
089530,20240906,기업의 계속성 및 경영의 투명성 등을 종합적으로 고려하여 상장폐지 기준에 해당한다고 결정
258250,20240830,지정자문인 선임계약 해지 후 30일 이내 미체결(2024.8.16 限)
299670,20240816,지정자문인 선임계약 해지 후 30일 이내 미체결(2024.8.1 限)
065560,20240729,기업의 계속성 및 경영의 투명성 등을 종합적으로 고려하여 상장폐지기준에 해당한다고 결정
136510,20240725,감사의견 거절
181340,20240710,감사범위 제한
058530,20240625,기업의 계속성 및 경영의 투명성 등을 종합적으로 고려하여 상장폐지기준에 해당한다고 결정
006580,20240621,상장폐지 신청('24.05.17)
163430,20240618,'22사업연도 감사의견 의견거절 및 '23사업연도 사업보고서 미제출
161570,20240617,기업의 계속성 및 경영의 투명성 등을 종합적으로 고려하여 상장폐지기준에 해당한다고 결정
148140,20240607,기업의 계속성 및 경영의 투명성 등을 종합적으로 고려하여 상장폐지기준에 해당한다고 결정
030790,20240513,감사의견 의견거절 2년 계속
058220,20240503,감사의견 거절(감사범위 제한 및 계속기업 존속능력에 대한 불확실성)
322190,20240425,감사의견 의견거절(감사범위제한)
248020,20240405,외부감사인의 감사의견 의견거절
150440,20240321,외부감사인의 감사의견 의견거절
114120,20240215,기업의 계속성 및 경영의 투명성 등을 종합적으로 고려하여 상장폐지기준에 해당한다고 결정
141020,20240103,기업의 계속성 및 경영의 투명성 등을 종합적으로 고려하여 상장폐지기준에 해당한다고 결정
138690,20231206,기업의 계속성 및 경영의 투명성 등을 종합적으로 고려하여 상장폐지기준에 해당한다고 결정
015540,20231107,감사의견 의견거절 2년 계속
069110,20231020,감사의견 거절(감사범위 제한)
242350,20230918,지정자문인 선임계약 해지 후 30일 이내 미체결(2023.9.4 限)
048260,20230814,상장폐지 신청('23.06.28)
348840,20230810,상장폐지 신청
078650,20230721,감사의견 거절(감사범위 제한 및 계속기업가정 불확실성)
096640,20230717,기업의 계속성 및 경영의 투명성 등을 종합적으로 고려하여 상장폐지기준에 해당한다고 결정
285770,20230612,외부감사인의 감사의견 의견거절
281310,20230612,외부감사인의 감사의견 의견거절
050540,20230508,감사의견 거절(감사범위 제한)
140290,20230508,상장폐지 신청
135160,20230502,발행한 어음 또는 수표가 주거래은행에 의하여 최종부도로 결정되거나 거래은행에 의한 거래정지
215050,20230421,감사의견 의견거절(감사범위제한)
267060,20230418,지정자문인 선임계약 해지 후 30일 이내 미체결(2023.4.4 限)
058420,20230414,감사의견 거절(감사범위 제한 및 계속기업가정 불확실성)
271850,20230412,지정자문인 선임계약 해지 후 30일 이내 미체결(2023.3.29 限)
267810,20230404,지정자문인 선임계약 해지 후 30일 이내 미체결(2023.3.21 限)
056000,20230330,감사의견 거절(감사범위 제한 및 계속기업가정 불확실성)
064510,20230117,감사의견 거절(감사범위 제한 및 계속기업 존속능력 불확실성)
329020,20221227,지정자문인 선임계약 해지 후 30일 이내 미체결(2022.12.13 限)
158310,20221109,기업의 계속성 및 경영의 투명성 등을 종합적으로 고려하여 상장폐지기준에 해당한다고 결정
060300,20221104,기업의 계속성 및 경영의 투명성 등을 종합적을 고려하여 상장폐지기준에 해당한다고 결정
347140,20221031,상장예비심사 청구서 미제출로 관리종목 지정 후 1개월 이내 동 사유 미해소
126870,20221026,감사의견 거절(감사범위 제한 및 계속기업 존속능력 불확실성)
182690,20221017,감사의견 거절(감사범위 제한)
090740,20221017,기업의 계속성 및 경영의 투명성 등을 종합적으로 고려하여 상장폐지기준에 해당한다고 결정
046110,20221005,상장폐지 신청('22.08.31)
127160,20220922,감사의견 거절(감사범위 제한 및 계속기업 존속능력 불확실성)
053110,20220907,감사의견 거절(감사범위 제한)
176440,20220627,기업의 계속성 및 경영의 투명성 등을 종합적을 고려하여 상장폐지기준에 해당한다고 결정
309900,20220616,외부감사인의 감사의견 의견거절
220630,20220531,상장폐지 신청('22.03.30)
050320,20220531,감사의견 거절
052190,20220527,감사의견 거절(감사범위 제한 및 계속기업 존속능력에 대한 불확실성)
950180,20220518,상장폐지 신청('22.04.14)
240340,20220517,외부감사인의 감사의견 의견거절
225850,20220427,감사의견 의견거절(감사범위제한 및 계속기업 존속불확실성)
225860,20220427,감사의견 의견거절(감사범위제한 및 계속기업 존속불확실성)
053660,20220426,감사의견 거절(감사범위 제한 및 계속기업 존속능력에 대한 불확실성)
039670,20220420,기업의 계속성 및 경영의 투명성 등을 종합적으로 고려하여 상장폐지기준에 해당한다고 결정
270020,20220414,사업보고서 법정제출기한('22.3.31限) 내 미제출
153360,20220411,감사의견 부적정
066110,20220406,감사의견 거절(감사범위 제한)
327970,20220311,상장폐지 신청
114570,20220223,감사의견 거절(감사범위 제한 및 계속기업 존속능력에 대한 불확실성)
007630,20220222,감사의견 의견거절 2년 계속
221610,20220105,발행한 어음 또는 수표가 주거래은행에 의하여 최종부도로 결정되거나 거래은행에 의한 거래정지
045890,20211220,해산사유 발생(파산선고)
087730,20211008,기업의 계속성 및 경영의 투명성 등을 종합적으로 고려하여 상장폐지기준에 해당한다고 결정
033110,20211008,감사의견 거절(감사범위 제한 및 계속기업 존속능력에 대한 불확실성)
039230,20211006,감사의견 거절(감사범위 제한)
111820,20210930,기업의 계속성 및 경영의 투명성 등을 종합적으로 고려하여 상장폐지기준에 해당한다고 결정
141070,20210916,발행한 어음 또는 수표가 주거래은행에 의하여 최종부도로 결정되거나 거래은행에 의한 거래정지
080440,20210913,해산사유 발생(파산선고)
033430,20210902,감사의견 한정(감사범위 제한)
354230,20210901,지정자문인 선임계약 해지 후 30일 이내 미체결(2021.8.18 限)
086250,20210831,감사의견 거절(감사범위 제한)
038160,20210823,감사의견 거절(감사범위 제한 및 계속기업 존속능력에 대한 불확실성)
033600,20210811,감사의견 거절(감사범위 제한)
065620,20210809,감사의견 거절(감사범위 제한 및 계속기업 존속능력에 대한 불확실성)
900080,20210614,"법정제출기한까지 사업보고서를 제출하지 아니한 후, 법정제출기한의 다음날부터 10일이내에 사업보고서를 제출하지 아니함 "
226350,20210611,감사의견 거절(감사범위 제한)
195440,20210610,감사의견 거절(감사범위 제한 및 계속기업 존속능력에 대한 불확실성)
008800,20210607,기업의 계속성 및 경영의 투명성 등을 종합적으로 고려하여 상장폐지기준에 해당한다고 결정
073070,20210604,기업의 계속성 및 경영의 투명성 등을 종합적으로 고려하여 상장폐지기준에 해당
120780,20210506,분산요건 미달
224880,20210506,분산요건 미달
102210,20210419,기업의 계속성 및 경영의 투명성 등을 종합적으로 고려하여 상장폐지기준에 해당한다고 결정
028040,20210413,"최근 2년간 3회 이상 공시규정 제19조제1항의 규정에 의한 사업보고서, 반기보고서 또는 분기보고서 법정제출기한 내 미제출"
329050,20210413,사업보고서 법정제출기한('21.3.31限)내 미제출
036260,20210215,기업의 계속성 및 경영의 투명성 등을 종합적으로 고려하여 상장폐지기준에 해당
241510,20210126,지정자문인 선임계약 해지 후 30일 이내 미체결(2021.1.13 限)
271780,20201105,상장폐지 신청('20.10.13)
194510,20200909,감사의견거절(감사범위 제한)
204990,20200811,기업의 계속성 및 경영의 투명성 등을 종합적으로 고려하여 상장폐지기준에 해당한다고 결정
065940,20200731,감사의견 거절(감사범위 제한 및 계속기업 존속능력에 대한 불확실성)
149940,20200710,감사의견거절(감사범위 제한)
134780,20200702,감사의견거절(감사범위제한)
112240,20200630,감사의견 거절(감사범위 제한)
005450,20200630,감사의견 의견거절 2년 계속
183350,20200617,"외부감사인의 감사의견 거절(감사범위 제한), 감사의견 한정(감사범위 제한)"
103130,20200601,감사의견 의견거절 2년 계속
094190,20200522,감사의견 거절(감사범위 제한 및 계속기업 존속능력에 대한 불확실성)
900040,20200522,"법정제출기한까지 사업보고서를 제출하지 아니한 후, 법정제출기한의 다음날부터 10일이내에 사업보고서를 제출하지 아니함 "
030270,20200521,감사의견거절(감사범위제한 및 계속기업 존속 불확실)
054340,20200521,감사의견 거절(감사범위 제한 및 계속기업 존속능력에 대한 불확실성)
197210,20200514,기업의 계속성 및 경영의 투명성 등을 종합적으로 고려하여 상장폐지기준에 해당한다고 결정
205290,20200513,외부감사인의 감사의견 의견거절(감사범위 제한)
189540,20200512,감사의견 거절(계속기업 존속능력에 대한 불확실성)
159650,20200427,감사의견 부적정
220110,20200410,사업보고서 법정제출기한('20.3.30限)내 미제출
123260,20200410,"제28조제1항제9호에 따라 관리종목 지정 후 공시규정 제19조제1항에 따른 사업보고서 법정제출기한 내 미제출, 최근 2년간 3회 이상 공시규정 제19조제1항의 규정에 의한 사업보고서, 반기보고서 또는 분기보고서 법정제출기한 내 미제출"
311840,20200227,지정자문인 선임계약 해지 후 30일 이내 미체결(2020.2.13 限)
252370,20200227,지정자문인 선임계약 해지 후 30일 이내 미체결(2020.2.13 限)
122800,20200212,기업의 계속성 및 경영의 투명성 등을 종합적으로 고려하여 상장폐지기준에 해당한다고 결정
035480,20191212,기업의 계속성 및 경영의 투명성 등을 종합적으로 고려하여 상장폐지기준에 해당한다고 결정
017680,20191120,발행한 어음 또는 수표가 주거래은행에 의하여 최종부도로 결정되거나 거래은행에 의한 거래정지
135270,20191002,파산선고에 따른 해산사유 발생
221670,20190716, 지정자문인 선임계약 해지 후 30일 이내 미체결(2019.7.2 限) 
242850,20190522,지정자문인 선임계약 해지 후 30일 이내 미체결(2019.5.8 限)
065160,20190503,감사의견 거절(감사범위 제한)
250300,20190304,지정자문인 선임계약 해지 후 30일이내 미체결(2019.2.1 限)
245030,20190227,상장폐지 신청('19.1.25)
900090,20190102,제28조제1항제9호에 따라 관리종목 지정 후 공시규정 제19조 제1항에 따른 분기보고서 법정기한 내 미제출
272420,20181115,상장폐지 신청('18.11.5)
194610,20181012,감사의견거절(감사범위 제한 및 계속기업 존속능력에 대한 불확실성)
155960,20181012,감사의견 거절(감사범위 제한)
110660,20181011,지정자문인 선임계약 해지 후 30일이내 미체결(2018.9.20限)
032040,20181011,감사의견거절(범위제한 및 계속기업 존속능력에 대한 불확실성)
081970,20181011,감사의견거절(감사범위제한)
047440,20181011,감사의견거절(감사범위 제한 및 계속기업 존속능력에 대한 불확실성)
026260,20181011,감사의견거절(감사범위 제한)
052290,20181011,감사의견거절(감사범위 제한)
005980,20181004,감사의견 의견거절
251540,20180907,감사의견 거절(감사범위 제한)
138290,20180822,상장폐지 신청('18.7.19)
043580,20180810,감사의견거절(감사범위 제한)
144740,20180807,지정자문인 선임계약 해지 후 30일이내 미체결(2018.07.24限)
099660,20180709,발행한 어음 또는 수표가 주거래은행에 의하여 최종부도로 결정되거나 거래은행에 의한 거래정지
900180,20180523,감사의견거절(감사범위 제한)
246830,20180514,감사의견 거절(계속기업 존속능력에 대한 불확실성)
235090,20180509,감사의견 거절(감사범위 제한)
087220,20180508,감사의견거절(감사범위 제한 및 계속기업 존속능력에 대한 불확실성)
099830,20180504,감사의견거절(감사범위 제한)
252940,20180425,감사의견 거절(감사범위 제한 및 계속기업 존속능력에 대한 불확실성)
091270,20180418,지정자문인 선임계약 해지 후 30일이내 미체결(2018.04.04限)
199870,20180328,지정자문인 선임계약 해지후 30일이내 미체결(18.3.14限)
051170,20180315,'16사업연도 감사의견거절(계속기업 존속능력에 대한 불확실성) 및 '17사업연도 반기 감사의견거절(계속기업 존속능력에 대한 불확실성)
039790,20180309,기업의 계속성 및 경영의 투명성 등을 종합적으로 고려하여 상장폐지기준에 해당한다고 결정
023430,20171220,기업의 계속성 및 경영의 투명성 등을 종합적으로 고려하여 상장폐지기준에 해당한다고 결정
260490,20171129,지정자문인 선임계약 해지 후 30일이내 미체결(2017.11.15限)
900050,20170927,감사의견 의견거절
095300,20170912,"감사의견 거절(내부회계관리제도상의 취약점, 계속기업가정의 불확실성 및 재고자산 관련 감사범위 제한)"
189700,20170831,지정자문인 선임계약 해지 후 30일이내 미체결(2017.08.17限)
204690,20170802,상장폐지 신청('17.07.28)
900130,20170725,상장폐지 신청('17.06.22)
156170,20170713,지정자문인 선임계약 해지 후 30일이내 미체결(2017.6.29限)
004740,20170705,"기업의 계속성, 경영의 투명성 및 기타 공익과 투자자 보호 등을 종합적으로 고려하여 상장폐지 기준에 해당한다고 결정"
165270,20170607,최종부도 발생
036500,20170511,감사의견 거절(감사범위 제한 및 계속기업 존속능력에 대한 불확실성)
086830,20170508,감사의견 거절(감사범위 제한 및 계속기업 존속능력에 대한 불확실성)
058370,20170508,감사범위제한으로 인한 한정의견
090970,20170425,감사의견 의견거절
091000,20170425,감사의견 의견거절
090990,20170425,감사의견 의견거절
090980,20170425,감사의견 의견거절
110570,20170417,자본전액잠식
052270,20170413,자본전액잠식 등
194860,20170412,감사의견 거절(감사범위제한)
068150,20170307,기업의 계속성 및 경영의 투명성 등을 종합적으로 고려하여 상장폐지기준에 해당한다고 결정
066270,20170227,상장폐지신청('17.02.07)
060910,20170224,최근 5사업연도 연속 영업손실 발생
192240,20161223,상장폐지 신청('16.12.9)
185280,20161205,지정자문인 선임계약 해지 후 30일이내 미체결(2016.11.21限)
011720,20161121,감사의견 의견거절
053810,20160919,감사의견 거절(감사범위 제한 및 기업회계기준 위배)
037340,20160908,2반기 연속 자본잠식률 50% 이상
074150,20160905,감사의견거절(감사범위 제한)
207230,20160726,지정자문인 선임계약의 해지한 날의 다음날부터 30일이내(2016.07.12限) 지정자문인 선임계약 미체결
082390,20160725,기업의 계속성 및 경영의 투명성 등을 종합적으로 고려하여 상장폐지기준에 해당한다고 결정
103650,20160714,최종부도 발생
179440,20160707,상장폐지 신청('16.6.14)
086200,20160509,감사의견거절(감사범위 제한)
078780,20160428,'14사업연도 자본잠식률 50%이상 사유로 관리종목 지정 후 '15사업연도 반기 감사의견 거절
051310,20160415,자본전액잠식
065270,20160412,자본전액잠식
151750,20160223,상장폐지 신청('16.02.01)
111610,20160125,"기업의 계속성, 경영의 투명성 또는 그 밖에 코스닥시장의 건전성 등을 종합적으로 고려하여 상장폐지 기준에 해당한다고 결정"
950010,20151105,시가총액 미달
121550,20151016,매출액 미달(50억원 미만) 2년 계속
053870,20151015,'14사업연도 자본잠식률 50%이상 사유로 관리종목 지정 후 '15사업연도 반기 감사의견 거절
082220,20150925,지정자문인 선임계약의 해지한 날의 다음날부터 30일이내(2015.09.11限) 지정자문인 선임계약 미체결
068060,20150918,"기업의 계속성, 경영의 투명성 또는 그 밖에 코스닥시장의 건전성 등을 종합적으로 고려하여 상장폐지 기준에 해당한다고 결정"
138440,20150916,"기업의 계속성, 경영의 투명성 및 기타 공익과 투자자 보호 등을 종합적으로 고려하여 상장폐지 기준에 해당한다고 결정"
074130,20150723,"기업의 계속성, 경영의 투명성 또는 그 밖에 코스닥시장의 건전성 등을 종합적으로 고려하여 상장폐지 기준에 해당한다고 결정"
040670,20150716,자본전액잠식 등
071930,20150710,감사의견거절(감사범위 제한)
033630,20150701,상장폐지신청('15.6.11)
066350,20150520,발행한 어음 또는 수표가 주거래은행에 의하여 최종부도로 결정되거나 거래은행에 의한 거래정지
039530,20150519,기업의 계속성 및 경영의 투명성 등을 종합적으로 고려하여 상장폐지기준에 해당한다고 결정
039850,20150519,기업의 계속성 및 경영의 투명성 등을 종합적으로 고려하여 상장폐지기준에 해당한다고 결정
090120,20150513,감사의견 거절(계속기업 존속능력에 대한 불확실성 및 감사범위 제한)
065180,20150504,감사범위제한으로 인한 한정의견
160350,20150430,감사의견 거절(감사범위 제한 및 계속기업 존속능력에 대한 불확실성)
179280,20150430,감사의견 거절(감사범위 제한 및 계속기업 존속능력에 대한 불확실성)
053330,20150423,자본전액잠식
000800,20150415,자본전액잠식
000360,20150415,자본전액잠식
014350,20150415,자본전액잠식
181980,20150415,상장폐지 신청('15.03.23)
004320,20150413,자본전액잠식
149130,20150302,감사의견 부적정
000420,20150224,감사의견 의견거절
053740,20150210,상장폐지 신청('15.01.15)
032420,20150127,기업의 계속성 및 경영의 투명성 등을 종합적으로 고려하여 상장폐지기준에 해당한다고 결정
091690,20150121,감사의견 거절(감사범위 제한 및 계속기업 존속능력에 대한 불확실성)
119250,20141029,"기업의 계속성, 경영의 투명성 및 기타 공익과 투자자 보호 등을 종합적으로 고려하여 상장폐지 기준에 해당한다고 결정"
046400,20140902,감사의견거절(감사범위제한)
110500,20140902,감사의견 거절(계속기업 존속능력에 대한 불확실성)
013340,20140902,감사의견거절(감사범위 제한 및 계속기업 존속능력에 대한 불확실성)
070480,20140717,감사의견 거절(감사범위 제한 및 계속기업 존속능력에 대한 불확실성
082930,20140523,상장폐지신청('14.04.22)
056340,20140521,최종부도 발생
041060,20140508,감사의견 거절(감사범위 제한 및 계속기업 존속능력에 대한 불확실성)
005900,20140425,자본전액잠식
002530,20140425,공시서류 미제출(사업보고서) 후 10일이내 미제출
067250,20140415,자본전액잠식
010460,20140415,보통주 주식분포요건 미충족 2년 계속
010670,20140411,기업의 계속성 및 경영의 투명성 등을 종합적으로 고려하여 상장폐지기준에 해당
110310,20140411,자본전액잠식 등
012650,20140411,자본전액잠식 등
036210,20140411,자본전액잠식등
074000,20140327,최근 5사업연도 연속 영업손실 발생 등
004790,20140304,"기업의 계속성, 경영의 투명성 또는 기타 코스닥시장의 건전성 등을 종합적으로 고려하여 상장폐지가 필요하다고 인정"
053320,20140207,기업의 계속성 및 경영의 투명성 등을 종합적으로 고려하여 상장폐지기준에 해당
900060,20131011,상장폐지신청('13.09.06)
950070,20131004,감사의견 의견거절
049000,20130910,기업의 계속성 및 경영의 투명성 등을 종합적으로 고려하여 상장폐지기준에 해당
056810,20130910,의견거절(감사범위 제한)
035450,20130807,감사의견거절(감사범위 제한 및 계속기업으로서의 존속능력에 대한 불확실성)
037630,20130724,감사의견거절(감사범위 제한 및 계속기업으로서의 존속능력에 대한 불확실성)
073930,20130712,자본전액잠식
025920,20130710,감사의견거절(감사범위 제한)
900010,20130605,상장폐지 신청('13.05.08)
012410,20130604,감사의견 의견거절
033550,20130507,감사의견거절(감사범위 제한 및 계속기업으로서의 존속능력에 대한 불확실성)
036920,20130507,감사의견거절(감사범위 제한)
088700,20130504,감사의견거절(계속기업으로서의 존속능력에 대한 불확실성)
028090,20130503,감사의견거절(감사범위 제한 및 계속기업으로서의 존속능력에 대한 불확실성)
003190,20130503,감사의견 의견거절
051710,20130501,감사의견거절(감사범위 제한 및 계속기업으로서의 존속능력에 대한 불확실성)
009010,20130501,감사의견거절(감사범위 제한 및 계속기업으로서의 존속능력에 대한 불확실성)
038720,20130501,감사의견 부적정
046840,20130501,감사의견거절(감사범위 제한) 
013780,20130423,"기업의 계속성, 경영의 투명성 또는 기타 코스닥시장의 건전성 등을 종합적으로 고려하여 상장폐지가 필요하다고 인정"
071530,20130423,"기업의 계속성, 경영의 투명성 또는 기타 코스닥시장의 건전성 등을 종합적으로 고려하여 상장폐지가 필요하다고 인정"
009280,20130416,매출액 미달(50억원 미만) 2년 계속
006440,20130416,자본전액잠식
026250,20130412,자본전액잠식
052650,20130412,반기 재무제표에 대한 검토의견거절로 관리종목 지정후 자본잠식률 50% 이상
066060,20130412,자본전액잠식
093410,20130410,감사의견 의견거절
093400,20130410,감사의견 의견거절
099210,20130410,감사의견 의견거절
068420,20130406,"기업의 계속성, 경영의 투명성 또는 기타 코스닥시장의 건전성 등을 종합적으로 고려하여 상장폐지가 필요하다고 인정"
031920,20130227,2반기 연속 자본잠식률 50%이상
034010,20130221,"기업의 계속성, 경영의 투명성 또는 기타 코스닥시장의 건전성 등을 종합적으로 고려하여 상장폐지가 필요하다고 인정"
038120,20130130,"기업의 계속성, 경영의 투명성 또는 기타 코스닥시장의 건전성 등을 종합적으로 고려하여 상장폐지가 필요하다고 인정"
015110,20121211,보통주 주가수준미달
046430,20121205,"기업의 계속성, 경영의 투명성 또는 기타 코스닥시장의 건전성 등을 종합적으로 고려하여 상장폐지가 필요하다고 인정"
045050,20121127,"기업의 계속성, 경영의 투명성 또는 기타 코스닥시장의 건전성 등을 종합적으로 고려하여 상장폐지가 필요하다고 인정"
042820,20121117,기업의 계속성 및 경영의 투명성 등을 종합적으로 고려하여 상장폐지 기준에 해당한다고 결정
047730,20121117,기업의 계속성 및 경영의 투명성 등을 종합적으로 고려하여 상장폐지 기준에 해당한다고 결정
043890,20121101,상장폐지 신청('12.09.26)
035210,20121101,상장폐지신청('12.09.26)
038990,20121101,상장폐지신청('12.10.09)
016560,20121017,자본잠식(자본금의 50/100이상 잠식) 2년 계속
007200,20121017,자본전액잠식
073130,20121012,자본잠식률 50% 이상으로 관리종목 지정 이후 최근 반기의 재무제표에 대한 감사인의 감사의견거절 등
016140,20121012,상장폐지신청('12.09.12)
071660,20120929,최종부도 발생
050050,20120926,자본전액잠식
900150,20120926,감사의견거절(감사범위 제한 및 계속기업존속능력 불확실성)
034510,20120925,시가총액 40억원 미달
900030,20120914,감사의견 의견거절
007150,20120911,2회 연속 자본잠식률 50%이상
033280,20120911,2반기 연속 자본잠식률 50%이상
038320,20120908,2반기 연속 자본잠식률 50%이상
019260,20120905,"기업의 계속성, 경영의 투명성 또는 기타 코스닥시장의 건전성 등을 종합적으로 고려하여 상장폐지 기준에 해당한다고 결정"
011800,20120903,최종부도발생
105070,20120814,최종부도 발생
045260,20120801,"기업의 계속성, 경영의 투명성 또는 기타 코스닥시장의 건전성 등을 종합적으로 고려하여 상장폐지가 필요하다고 인정"
007800,20120725,"기업의 계속성, 경영의 투명성 및 기타 공익과 투자자 보호 등을 종합적으로 고려하여 상장폐지 기준에 해당한다고 결정"
025610,20120725,"기업의 계속성, 경영의 투명성 및 기타 공익과 투자자 보호 등을 종합적으로 고려하여 상장폐지 기준에 해당한다고 결정"
098400,20120724,"기업의계속성, 경영의 투명성 또는 기타 코스닥시장의 건전성 등을 종합적으로 고려하여 상장폐지 기준에 해당한다고 결정"
000470,20120716,자본전액잠식
021060,20120627,"기업의계속성, 경영의 투명성 또는 기타 코스닥시장의 건전성 등을 종합적으로 고려하여 상장폐지 기준에 해당한다고 결정"
004550,20120622,"기업의 계속성, 경영의 투명성 및 기타 공익과 투자자 보호 등을 종합적으로 고려하여 상장폐지 기준에 해당한다고 결정"
012400,20120612,감사의견 의견거절
008540,20120608,감사의견 의견거절
067130,20120608,"기업의 계속성, 경영의 투명성 또는 기타 코스닥시장의 건전성 등을 종합적으로 고려하여 상장폐지 기준에 해당한다고 결정"
037240,20120601,감사의견거절(감사범위제한)
065310,20120531,기업의 계속성 및 경영의 투명성 등을 종합적으로 고려하여 상장폐지 기준에 해당한다고 결정
001310,20120518,최종부도발생
053040,20120517,감사의견거절(감사범위 제한 및 계속기업존속 불확실성)
050470,20120501,감사 의견거절(감사범위 제한)
066690,20120501,감사의견 거절(감사범위 제한 및 계속기업존속불확실성)
015200,20120501,감사의견거절(감사범위제한)
040740,20120501,감사의견거절(감사범위 제한 및 계속기업존속 불확실성)
065610,20120501,감사의견거절(감사범위제한)
045470,20120424,사업보고서 법정제출기한 익일부터 10일 이내 미제출 등
068630,20120424,사업보고서 법정제출기한 익일부터 10일 이내 미제출
002670,20120417,발행한 어음 또는 수표가 주거래은행에 의하여 최종부도로 결정되거나 거래은행에 의한 거래 정지
101790,20120417,자본잠식(자본금의 50/100이상 잠식) 2년 계속
052350,20120417,감사의견거절(감사범위 제한)
042340,20120413,최근3사업연도중2사업연도자기자본 50%초과법인세비용차감전손실발생
056710,20120413,자본전액잠식
094700,20120413,자본전액잠식
056010,20120413,자본전액잠식 등
015390,20120413,감사의견거절(감사범위제한)
089480,20120413,감사의견거절(감사범위제한)
088960,20120208,기업의 계속성 및 경영의 투명성 등을 종합적으로 고려하여 상장폐지 기준에 해당한다고 결정
037380,20120201,기업의 계속성 및 경영의 투명성 등을 종합적으로 고려하여 상장폐지 기준에 해당한다고 결정
046720,20120201,기업의 계속성 및 경영의 투명성 등을 종합적으로 고려하여 상장폐지 기준에 해당한다고 결정
061050,20120120,기업의 계속성 및 경영의 투명성 등을 종합적으로 고려하여 상장폐지 기준에 해당한다고 결정
025340,20111228,기업의 계속성 및 경영의 투명성 등을 종합적으로 고려하여 상장폐지 기준에 해당한다고 결정
061140,20111228,"기업의 계속성, 경영의 투명성 또는 기타 코스닥시장의 건전성 등을 종합적으로 고려하여 상장폐지가 필요하다고 결정"
026220,20111129,기업의 계속성 및 경영의 투명성 등을 종합적으로 고려하여 상장폐지 기준에 해당한다고 결정
900020,20111126,상장폐지신청('11.10.27)
037540,20111126,"기업의 계속성, 경영의 투명성 또는 기타 코스닥시장의 건전성 등을 종합적으로 고려하여 상장폐지 기준에 해당한다고 결정"
052810,20111122,"기업의 계속성, 경영의 투명성 또는 기타 코스닥시장의 건전성 등을 종합적으로 고려하여 상장폐지 기준에 해당한다고 결정"
950030,20111105,기업의 계속성 및 경영의 투명성 등을 종합적으로 고려하여 상장폐지 기준에 해당한다고 결정
037550,20111026,"자본잠식률 50% 이상으로 관리종목 지정 후, 최근 반기의 재무제표에 대한 감사인의 감사의견 거절"
040180,20111025,감사의견거절(감사범위 제한)
024100,20111014,자본전액잠식
026540,20111014,감사의견거절(감사범위제한)
037700,20111012,기업의 계속성 및 경영의 투명성 등을 종합적으로 고려하여 상장폐지 기준에 해당한다고 결정
042870,20111006,감사의견거절(감사범위 제한 및 계속기업으로서의 존속능력에 대한 불확실성)
054010,20111006,감사의견거절(감사범위 제한 및 계속기업으로서의 존속능력에 대한 불확실성)
052880,20110923,상장폐지사유 발생
081090,20110923,감사의견거절(감사범위 제한 및 계속기업으로서의 존속능력에 대한 불확실성) 등
036840,20110915,"기업의 계속성, 경영의 투명성 또는 기타 코스닥시장의 건전성등을 종합적으로 고려하여 상장폐지가  필요하다고 인정"
066340,20110909,자본잠식률 50% 이상으로 관리종목 지정 후 반기보고서 법정제출기한 익일부터 10일 이내 반기 검토(감사)보고서 미제출
047600,20110909,자본잠식률 50% 이상으로 관리종목 지정 후 반기보고서 법정제출기한 익일부터 10일이내 반기검토(감사)보고서 미제출
050640,20110820,"기업의 계속성, 경영의 투명성 또는 기타 코스닥시장의 건전성 등을 종합적으로 고려하여 상장폐지가 필요하다고 인정"
034600,20110629,자본잠식률 50%이상으로 관리종목 지정 후 반기 재무제표에 대한 감사의견 거절
105380,20110624,감사의견 의견거절
052510,20110616,감사의견거절(감사범위 제한 및 계속기업으로서의 존속능력에 대한 불확실성)
039350,20110616,기업의 계속성 및 경영의 투명성 등을 종합적으로 고려하여 상장폐지 기준에 해당한다고 결정
031950,20110609,"기업의 계속성, 경영의 투명성 또는 기타 코스닥시장의 건전성 등을 종합적으로 고려하여 상장폐지가 필요하다고 인정"
014590,20110513,감사의견 의견거절
017170,20110513,감사의견 의견거절
072530,20110507,감사의견거절(감사범위 제한 및 계속기업으로서의 존속능력에 대한 불확실성)
038710,20110507,감사의견거절(계속기업으로서의 존속능력에 대한 불확실성)
030420,20110507,감사의견 부적정
033850,20110507,감사의견거절(감사범위제한)
088810,20110429,감사의견거절(감사범위 제한 및 계속기업으로서의 존속능력에 대한 불확실성)
039040,20110429,감사의견거절(감사범위 제한 및 계속기업으로서의 존속능력에 대한 불확실성)
054170,20110429,감사의견거절(감사범위 제한)
017160,20110429,감사의견거절(감사범위제한 및 계속기업으로서의 존속능력에 대한 불확실성)
043630,20110429,감사의견거절(감사범위 제한 및 계속기업으로서의 존속능력에 대한 불확실성)
054150,20110429,감사의견거절(감사범위제한)
019430,20110429,감사의견거절(감사범위제한)
016160,20110426,공시서류 미제출(사업보고서) 후 10일이내 미제출
037020,20110423,사업보고서 법정제출기한 익일부터 10일이내 미제출
032290,20110423,사업보고서 법정제출기한 익일부터 10일 이내 미제출
049690,20110423,사업보고서 법정제출기한 익일부터 10일이내 미제출
060750,20110416,최종부도 발생
013240,20110415,자본전액잠식
005350,20110415,자본전액잠식
031990,20110413,자본전액잠식 등
043680,20110413,자본전액잠식 등
048640,20110413,자본전액잠식 등
030030,20110413,자본전액잠식
019120,20110406,기업의 계속성 및 경영의 투명성 등을 종합적으로 고려하여 상장폐지 기준에 해당한다고 결정
032380,20110303,기업의 계속성 및 경영의 투명성 등을 종합적으로 고려하여 상장폐지 기준에 해당한다고 결정
046240,20110212,기업의 계속성 및 경영의 투명성 등을 종합적으로 고려하여 상장폐지 기준에 해당한다고 결정
084450,20110210,감사의견거절(범위제한 및 계속기업 존속 불확실성)
088020,20110108,"기업의 계속성, 경영의 투명성 또는 기타 코스닥시장의 건전성 등을 종합적으로 고려하여 상장폐지 기준에 해당한다고 결정"
082110,20110104,종목별 상장폐지신청
052210,20101204,"기업의 계속성, 경영의 투명성 또는 기타 코스닥시장의 건전성 등을 종합적으로 고려하여 상장폐지 기준에 해당한다고 결정"
047450,20101130,"기업의 계속성, 경영의 투명성 또는 기타 코스닥시장의 건전성 등을 종합적으로 고려하여 상장폐지 기준에 해당한다고 결정"
048140,20101125,"기업의 계속성, 경영의 투명성 또는 기타 코스닥시장의 건전성 등을 종합적으로 고려하여 상장폐지 기준에 해당한다고 결정"
048510,20101110,최근 사업연도말 기준으로 자본잠식률 100분의 50 이상 및 자기자본 10억원 미만의 사유로 관리종목으로 지정된 후 최근 반기말 외부감사인의 감사보고서상 계속기업 존속능력에 대한 불확실성으로 인한 의견거절 발생
070080,20101106,최종부도
052970,20101020,"기업의 계속성, 경영의 투명성 또는 기타 코스닥시장의 건전성 등을 종합적으로 고려하여 상장폐지 기준에 해당한다고 결정"
058900,20101012,"기업의 계속성, 경영의 투명성 또는 기타 코스닥시장의 건전성 등을 종합적으로 고려하여 상장폐지 기준에 해당한다고 결정"
055250,20101001,"기업의 계속성, 경영의 투명성 또는 기타 코스닥시장의 건전성 등을 종합적으로 고려하여 상장폐지 기준에 해당한다고 결정"
035400,20101001,기업의 계속성 및 경영의 투명성 등을 종합적으로 고려하여 상장폐지가 필요하다고 인정
033030,20100925,"기업의 계속성, 경영의 투명성 또는 기타 코스닥시장의 건전성 등을 종합적으로 고려하여 상장폐지 기준에 해당한다고 결정"
041450,20100914,최종부도 발생
089240,20100903,감사의견거절(감사범위 제한)
058690,20100826,기업의 계속성 및 경영의 투명성 등을 종합적으로 고려하여 상장폐지가 필요하다고 인정
041550,20100825,"기업의 계속성, 경영의 투명성 또는 기타 코스닥시장의 건전성 등을 종합적으로 고려하여 상장폐지 기준에 해당한다고 결정"
012580,20100730,최종부도발생
018890,20100722,"기업의 계속성, 경영의 투명성 또는 기타 코스닥시장의  건전성 등을 종합적으로 고려하여 상장폐지 기준에 해당한다고 결정"
011050,20100722,감사의견 의견거절
047710,20100721,"기업의 계속성, 경영의 투명성 또는 기타 코스닥시장의 건전성 등을 종합적으로 고려하여 상장폐지 기준에 해당한다고 결정"
035830,20100716,"기업의 계속성, 경영의 투명성 또는 기타 코스닥시장의 건전성 등을 종합적으로 고려하여 상장폐지 기준에 해당한다고 결정"
066300,20100629,"기업의 계속성, 경영의 투명성 또는 기타 코스닥시장의 건전성 등을 종합적으로 고려하여 상장폐지 기준에 해당한다고 결정"
066930,20100629,상장폐지신청('10.06.01)
023670,20100617,"기업의 계속성, 경영의 투명성 또는 기타 코스닥시장의 건전성 등을 종합적으로 고려하여 상장폐지 기준에 해당한다고 결정"
068770,20100617,"기업의 계속성, 경영의 투명성 또는 기타 코스닥시장의 건전성 등을 종합적으로 고려하여 상장폐지 기준에 해당한다고 결정"
011400,20100520,최종부도발생
067850,20100519,당해 코스닥시장상장법인의 계속성 및 경영의 투명성 등을 종합적으로 고려한 결과 상장폐지기준에 해당한다고 결정
018410,20100513,감사의견 의견거절
007490,20100513,감사의견 의견거절
041630,20100508,감사범위제한으로 인한 의견거절
085990,20100508,감사의견거절(감사범위제한)
058480,20100508,감사범위제한으로 인한 감사의견거절
057100,20100508,감사의견거절(감사범위제한)
053470,20100508,감사범위제한으로 인한 감사의견 거절
074140,20100508,감사범위제한으로 인한 의견거절
030390,20100508,감사의견거절(감사범위제한 및 계속기업 존속 불확실)
041320,20100508,감사의견거절(감사범위제한)
065410,20100505,감사의견거절(감사범위제한 및 계속기업 존속 불확실)
041030,20100505,감사범위제한으로 인한 감사의견 거절
012090,20100503,감사의견 의견거절
024870,20100503,감사의견 의견거절
069470,20100503,감사의견 의견거절
035710,20100501,감사범위제한으로 인한 감사의견거절
037110,20100501,감사의견거절(감사범위제한)
078670,20100501,감사의견거절(감사범위제한 및 계속기업 존속 불확실)
020070,20100501,감사범위제한 및 계속기업존속능력에 대한 불확실성으로 인한 감사의견거절
076090,20100423,감사의견거절(감사범위제한)
002540,20100423,감사의견 의견거절
045290,20100423,사업보고서 법정제출기한 익일부터 10일이내 미제출
033190,20100423,사업보고서 법정제출기한 익일부터 10일이내 미제출
053440,20100421,상장폐지신청('10.3.29)
048130,20100420,최종부도 발생
038690,20100417,감사의견거절(감사범위제한)
033260,20100417,최종부도 발생
001600,20100415,자본전액잠식
004820,20100415,자본전액잠식
034660,20100415,감사범위제한으로 인한 감사의견 거절
017300,20100415,자본전액잠식
065340,20100415,감사의견거절(감사범위제한)
060670,20100413,자본전액잠식
046350,20100413,최근 3사업연도 연속 자기자본 대비 50% 초과 법인세 비용차감전계속사업손실 발생
015170,20100413,자본전액잠식
032030,20100413,자본전액잠식
008340,20100413,자본전액잠식
051810,20100413,최근 3사업연도 연속 자기자본 50%초과 법인세비용차감전 계속사업손실 등
079560,20100413,최근 3사업연도 연속 자기자본 대비 50% 초과 법인세 비용차감전계속사업손실 발생
064060,20100413,자본전액잠식
045880,20100410,기업의 계속성 및 경영의 투명성 등을 종합적으로 고려하여 상장폐지가 필요하다고 인정
017050,20100405,"기업의 계속성, 경영의 투명성 또는 기타 코스닥시장의 건전성 등을 종합적으로 고려하여 상장폐지가 필요하다고 인정 "
054020,20100403,최종부도
084810,20100401,당해 코스닥시장상장법인의 계속성 및 경영의 투명성 등을 종합적으로 고려한 결과 상장폐지기준에 해당한다고 결정
017010,20100326,- 주된 영업이 정지되어 코스닥시장상장규정 제38조제2항제1호(삭제 ‘09.12.2)의 상장폐지기준 해당 / 기업의 계속성 및 경영의 투명성 등을 종합적으로 고려한 결과 코스닥시장상장규정 제38조제2항제5호라목(신설 ‘09.12.2)의 상장폐지기준 해당 
008320,20100311,감사의견 의견거절
015050,20100309,"기업의 계속성, 경영의 투명성 또는 기타 코스닥시장의 건전성 등을 종합적으로 고려하여 상장폐지가 필요하다고 인정"
056850,20100309,"기업의 계속성, 경영의 투명성 또는 기타 코스닥시장의 건전성 등을 종합적으로 고려하여 상장폐지가 필요하다고 인정"
041800,20100309,"기업의 계속성, 경영의 투명성 또는 기타 코스닥시장의 건전성 등을 종합적으로 고려하여 상장폐지가 필요하다고 인정"
078700,20100227,시가총액 40억원 미달
031960,20100220,"기업의 계속성, 경영의 투명성 또는 기타 코스닥시장의 건전성 등을 종합적으로 고려하여 상장폐지기준에 해당한다고 결정"
067950,20100220,당해 코스닥시장상장법인의 계속성 및 경영의 투명성 등을 종합적으로 고려한 결과 상장폐지기준에 해당한다고 결정
045400,20100211,"정기보고서 미제출로 관리종목 지정후 법정제출기한내 사업보고서 미제출, 2회 연속 정기주주총회 미개최 또는 재무제표 미승인, 자본전액잠식 "
037830,20100209,"기업의 계속성, 경영의 투명성 또는 기타 코스닥시장의 건전성 등을 종합적으로 고려하여 상장폐지가 필요하다고 인정"
080140,20100202,자본잠식률 50%이상사유로 관리종목지정후 반기 감사의견 부적정
047940,20100129,당해 코스닥시장상장법인의 계속성 및 경영의 투명성 등을 종합적으로 고려한 결과 상장폐지기준에 해당한다고 결정
037510,20100126,자본시장과금융투자업에관한법률 제202조제1항에 의한 해산사유에 해당하는 경우
062730,20091223,회생절차폐지결정사유 및 당해 코스닥시장상장법인의 계속기업 가능성 유무를 고려한 결과  상장폐지기준에 해당한다고 결정
085680,20091125,"기업의 계속성, 경영의 투명성 또는 기타 코스닥시장의 건전성 등을 종합적으로 고려하여 상장폐지가 필요하다고 인정"
036660,20091120,감사범위 제한에 따른 감사의견 거절
014420,20091106,주된 영업의 정지에 의한 상장폐지기준 해당
051530,20091103,주된 영업의 정지에 의한 상장폐지기준 해당
035010,20091103,최근 사업연도의 재무제표에 대한 감사인의 감사의견거절
001950,20091015,자본잠식(자본금의 50/100이상 잠식) 2년 계속
066850,20091007,자본잠식률 50%이상으로 관리종목 지정 후 반기 재무제표에 대한 감사의견 거절
044770,20091007,"자본전액잠식, 2반기 연속 자본잠식률 50%이상, 2반기 연속 자기자본 10억원 미만"
052640,20091007,"기업의 계속성, 경영의 투명성 또는 기타 코스닥시장의 건전성 등을 종합적으로 고려하여 상장폐지가 필요하다고 인정"
073710,20090923,상장폐지신청(2009.08.31)
032570,20090918,발행한 어음 또는 수표가 주거래은행에 의하여 최종부도로 결정되거나 거래은행에 의한 거래 정지
058550,20090915,자본잠식률 50%이상 및 자기자본 10억원 미만으로 관리종목 지정 후 반기의 재무제표에 대한 감사의견 거절
054650,20090904,반기보고서 법정제출기한 익일부터 10일이내 반기검토(감사)보고서 미제출
033880,20090904," - 2회연속 자본잠식률 50% 이상
  - 2009.3.31 자본잠식률 50% 이상으로 관리종목 지정 후,
  최근 반기의 재무제표에 대한 감사인의 감사의견 거절"
035500,20090904,"-2회연속 자본잠식률 50%이상
 -2회연속 자기자본 10억원미만
 -자본잠식률 50%이상 및 자기자본 10억원미만으로 관리종목 지정후 최근 반기 재무제표에 대한 외부감사인의 감사의견 의견거절"
046320,20090828,2회연속 자본잠식률 50%이상 및 자기자본 10억원 미만
035950,20090821,감사범위제한으로 인한 감사의견거절 및 계속기업 불확실성으로 인한 감사의견거절 사유해소 확인서 미제출
038830,20090808,"기업의 계속성, 경영의 투명성 또는 기타 코스닥시장의 건전성 등을 종합적으로 고려하여 상장폐지가 필요하다고 인정"
006210,20090715,자본잠식(자본금의 50/100이상 잠식) 2년 계속
063280,20090708,"기업의 계속성, 경영의 투명성 또는 기타 코스닥시장의 건전성 등을 종합적으로 고려하여 상장폐지가 필요하다고 인정"
031800,20090701,"기업의 계속성, 경영의 투명성 또는 기타 코스닥시장의 건전성 등을 종합적으로 고려하여 상장폐지가 필요하다고 인정"
052560,20090701,"기업의 계속성, 경영의 투명성 또는 기타 코스닥시장의 건전성 등을 종합적으로 고려하여 상장폐지가 필요하다고 인정"
079340,20090624,"기업의 계속성, 경영의 투명성 또는 기타 코스닥시장의 건전성 등을 종합적으로 고려하여 상장폐지가 필요하다고 인정"
036610,20090617,"기업의 계속성, 경영의 투명성 또는 기타 코스닥시장의 건전성 등을 종합적으로 고려하여 상장폐지가 필요하다고 인정"
036270,20090617,"기업의 계속성, 경영의 투명성 또는 기타 코스닥시장의 건전성 등을 종합적으로 고려하여 상장폐지가 필요하다고 인정"
039990,20090610,"기업의 계속성, 경영의 투명성 또는 기타 코스닥시장의 건전성 등을 종합적으로 고려하여 상장폐지가 필요하다고 인정"
053070,20090603,"기업의 계속성, 경영의 투명성 또는 기타 코스닥시장의 건전성 등을 종합적으로 고려하여 상장폐지가 필요하다고 인정"
038920,20090529,"기업의 계속성, 경영의 투명성 또는 기타 코스닥시장의 건전성 등을 종합적으로 고려하여 상장폐지가 필요하다고 인정"
040020,20090527,자본전액잠식
059720,20090527,감사의견거절(감사범위제한)
033720,20090515,감사의견거절(계속기업으로서의 존속능력에 대한 불확실성)
036790,20090515,감사의견거절(계속기업 존속 불확실성)
000790,20090513,감사의견 의견거절
013200,20090513,감사의견 의견거절
008400,20090513,감사의견 의견거절
006070,20090513,감사의견 의견거절
001970,20090513,감사의견 의견거절
009690,20090513,감사의견 의견거절
048270,20090504,자본전액잠식
003990,20090430,감사의견 의견거절
004230,20090430,감사의견 의견거절
053170,20090430,자본전액잠식
036360,20090429,감사의견거절(감사범위제한)
026230,20090429,감사범위 제한에 따른 감사의견 거절
080570,20090429,감사의견거절(감사범위제한)
077960,20090429,감사의견거절(감사범위제한)
071360,20090429,감사의견거절(감사범위제한)
081500,20090429,감사의견거절(감사범위제한)
025460,20090429,감사범위 제한에 따른 감사의견 거절
056020,20090429,감사의견거절(감사범위제한)
001190,20090427,공시서류 미제출(사업보고서) 후 10일이내 미제출
036280,20090424,"기업의 계속성, 경영의 투명성 또는 기타 코스닥시장의 건전성 등을 종합적으로 고려하여 상장폐지가 필요하다고 인정"
041310,20090423,자본전액잠식
052310,20090423,3회 연속 자기자본 50%초과 법인세비용차감전계속사업손실
036760,20090423,"감사의견거절(감사범위제한), 법정제출기한까지 사업보고서를 제출하지 아니한 후 법정제출기한의 다음날부터 10일 이내에 사업보고서 미제출  "
038410,20090423,법정제출기한까지 사업보고서를 제출하지 아니한 후 법정제출기한의 다음날부터 10일 이내에 사업보고서 미제출
019640,20090423,자본전액잠식
076170,20090422,감사의견 의견거절
065910,20090418,감사의견거절(감사범위제한) 
007050,20090415,최종부도발생
073780,20090411,2회 연속 자본잠식률 50%이상
066200,20090411,"2년연속 매출액 30억원 미달, 자본전액잠식"
047370,20090411,자본전액잠식
038810,20090411,자본전액잠식
060550,20090411,자본전액잠식
053890,20090411,자본전액잠식
079870,20090411,자본전액잠식
016040,20090411,자본전액잠식
078610,20090411,자본전액잠식
005760,20090219,감사의견 의견거절
007640,20090203,상장폐지신청(2009.01.12)
072430,20090203,상장폐지신청(2009.01.12)
039060,20081220,최종부도
050600,20080909,2회연속 자본잠식률 50%이상
060410,20080825,2연속 자본잠식률 50%이상 및 자기자본 10억원 미만
034750,20080712,2분기 연속 거래실적부진사유 미해소
045760,20080613,감사의견거절(감사범위제한)
060660,20080503,감사의견거절(감사범위제한)
044370,20080503,감사의견거절(감사범위제한)
033330,20080503,감사의견거절(감사범위제한)
055970,20080503,감사의견거절(감사범위제한)
035270,20080423,"법정제출기한까지 사업보고서를 제출하지 아니한 후
법정제출기한의 다음날부터 10일 이내에 사업보고서
미제출"
057330,20080423,"최근 3사업연도 연속 자기자본 대비 50% 초과 법인세
비용차감전계속사업손실 발생"
041940,20080423,2연속 자본잠식률 50% 이상
004530,20080422,감사의견 의견거절
065810,20080417,"자본전액잠식, 2회연속 자본잠식률 50%이상, 2회연속 자기자본 10억원 미만"
066330,20080412,2연속 자본잠식률 50%이상 및 자기자본 10억원 미만
032590,20080412,자본전액잠식
042570,20080412,자본전액잠식
064720,20080412,"자본전액잠식,최근3사업연도 연속
자기자본 대비 50%초과 법인세차감전계속사업손실"
012460,20080313,최종부도
015670,20070912,감사의견 의견거절
038420,20070829,2회연속 자본잠식률 50% 이상 및 자기자본 10억원 미만
045310,20070508,자본전액잠식
014900,20070425,자본전액잠식
025930,20070425,자본전액잠식
063350,20070425,자본전액잠식
025830,20070425,감사의견 부적정
054790,20070424,감사의견거절
054440,20070413,자본전액잠식
054250,20070411,"감사의견거절, 자본전액잠식, 2년 연속 자본잠식률 50% 이상"
037060,20070404,재감사보고서상 감사의견거절
048760,20060722,최종부도
047420,20060713,감사의견 범위제한 의견거절
016970,20060713,감사의견 의견거절
041500,20060425,2사업연도 연속 매출액 30억원 미달(상장폐지사유일 : 2006년 04월 10일)
066480,20060425,감사의견거절(상장폐지사유발생일 : 2006년 4월 10일)
039110,20060415,2사업연도 연속 매출액 30억원 미달(상장폐지사유 발생일 : 2006년 03월 31일)
056060,20060408,감사범위제한으로 인한 의견거절(상장폐지사유 발생일 : 2006년 03월 27일)
014010,20051228,감사의견 의견거절
019560,20051224,상장폐지신청(2005.12.21)
039870,20051109,상장폐지신청(2005.10.14)
057110,20051022,"최근사업연도말 현재 자본잠식률 100분의50이상의 사유로
관리종목지정된 후, 최근 반기말기준으로 감사의견거절 및
반기말 자본잠식률이 100분의 50 이상"
021570,20051013,최종부도(상장폐지사유 발생일 : 2005년 09월 27일)
038980,20050910,최근사업연도말 기준 자본잠식률 100분의 50이상의 사유로 관리종목지정 후 법정제출기한 다음날로부터 10일이내 반기보고서 미제출
055810,20050813,최종부도(상장폐지사유 발생일 : 2005년 07월 29일)
001580,20050805,감사의견 의견거절
006250,20050718,보통주 거래량요건 미충족(월평균거래량 1/100미만) 2분기 계속
042950,20050604,존립기간의 만료
008030,20050602,최종부도(상장폐지사유 발생일 : 2005년 05월 02일)
032180,20050525,상장폐지신청(2005.04.28)
038960,20050511,최종부도(상장폐지사유 발생일 : 2005년 04월 25일)
002480,20050504,주식분산기준 미달 2년 연속
033220,20050504,주식분산기준 미달 2년 연속
046810,20050430,경상손실 및 시가총액 50억원 미달 2회 연속(상장폐지사유 발생일 : 2005년 4월 15일)
030950,20050430,경상손실 및 시가총액 50억원 미달 2회 연속(상장폐지사유 발생일 : 2005년 4월 15일)
009940,20050428,자본전액잠식
008120,20050428,자본전액잠식
001670,20050428,회사정리절차 법인의 상장적격성 불인정
044440,20050426,감사의견거절(상장폐지사유 발생일 : 2005년 04월 11일)
032050,20050426,자본전액잠식(상장폐지사유 발생일 : 2005년 04월 11일)
036900,20050423,감사의견거절
036820,20050421,감사범위제한 한정(상장폐지사유 발생일 : 2005년 03월 21일)
009890,20050421,자본전액잠식
032610,20050421,감사의견거절(상장폐지사유 발생일 : 2005년 04월 06일)
049130,20050420,감사의견거절(상장폐지사유 발생일 : 2005년 03월 21일)
009760,20050419,보통주 주식분포요건 미충족(일반주주 주식수 10/100미만) 2년 계속
036590,20050416,자본전액잠식(상장폐지사유발생일 : 2005년 03월 31일)
009360,20050415,감사의견 의견거절
012250,20050415,감사의견 의견거절
006750,20050414,감사의견 의견거절
042960,20050413,감사의견거절(상장폐지사유 발생일 : 2005년 03월 28일)
054370,20050412,감사의견거절(상장폐지사유 발생일 : 2005년 03월 26일)
037220,20050409,최종부도(상장폐지사유 발생일 : 2005년 03월 24일)
038100,20050408,감사의견거절(상장폐지사유 발생일 : 2005년 03월 23일)
006150,20050408,회사정리절차 개시 신청
018180,20050407,감사의견거절(상장폐지사유 발생일 : 2005년 03월 22일)
037650,20050405,감사의견거절(상장폐지사유 발생일 : 2005년 03월 21일)
056500,20050405,감사의견거절(상장폐지사유 발생일 : 2005년 03월 22일)
053250,20050402,감사의견거절(상장폐지사유 발생일 : 2005년 03월 19일)
036600,20050402,감사의견거절(상장폐지사유 발생일 : 2005년 03월 18일)
036020,20050402,감사의견 부적정(상장폐지사유 발생일 : 2005년 03월 21일)
036880,20050331,감사의견거절(상장폐지사유 발생일 : 2005년 03월 16일)
054080,20050330,감사의견거절(상장폐지사유 발생일 : 2005년 03월 15일
025690,20050312,감사의견거절(상장폐지사유 발생일 : 2005년 02월 24일)
037500,20050224,간접투자자산운용업법 제110조(구 증권투자회사법 제64조)에 의한 해산사유발생
037640,20050124,최종부도(등록취소사유발생일 : 2005년 1월 7일)
035910,20050119,최종부도(등록취소사유발생일: 2005년 1월 4일)
009220,20050119,액면가액일정비율미만(취소사유발생일 : 2005년 01월 04일)
035780,20050111,액면가액일정비율미만(취소사유발생일 : 2004년 12월 24일)
005600,20050106,최종부도발생
