ticker,corp_name,delisting_date,delisting_reason,corp_code,listed_company
023460,CNH,20250714,기업의 계속성 및 경영의 투명성 등을 종합적으로 고려하여 상장폐지기준에 해당한다고 결정,00149266,0
226440,한송네오텍,20250619,기업의 계속성 및 경영의 투명성 등을 종합적으로 고려하여 상장폐지기준에 해당한다고 결정,01101722,0
323230,엠에프엠코리아,20250619,기업의 계속성 및 경영의 투명성 등을 종합적으로 고려하여 상장폐지기준에 해당한다고 결정,01384477,0
071460,위니아,20250618,감사의견 거절(감사범위 제한 및 계속기업가정 불확실성),00300557,0
072520,제넨바이오,20250618,감사의견 거절(감사범위 제한 및 계속기업 가정 불확실성),00408956,0
283100,노보믹스,20250528,외부감사인의 감사의견 의견거절,01332137,0
012600,청호ICT,20250527,"기업의 계속성, 경영의 투명성 및 기타 공익과 투자자 보호 등을 종합적으로 고려하여 상장폐지 기준에 해당한다고 결정",00151863,0
258540,에스엘테라퓨틱스,20250507,감사의견 의견거절,01109122,0
214870,한울BnC,20250331,감사의견 거절(감사범위 제한 및 계속기업가정 불확실성),00820389,0
038340,MIT,20250328,기업의 계속성 및 경영의 투명성 등을 종합적으로 고려하여 상장폐지기준에 해당한다고 결정,00215976,0
268600,셀리버리,20250307,감사의견 거절(감사범위 제한 및 계속기업 가정 불확실성),01182444,0
446600,카이바이오텍,20250225,지정자문인 선임계약 해지 후 30일 이내 미체결('25.2.11限),01671601,0
078940,퀀타피아,20250219,기업의 계속성 및 경영의 투명성 등을 종합적으로 고려하여 상장폐지기준에 해당한다고 결정,00501970,0
299910,애닉,20250214,기업의 계속성 및 경영의 투명성 등을 종합적으로 고려하여 상장폐지기준에 해당한다고 결정,01259056,0
160600,이큐셀,20250214,기업의 계속성 및 경영의 투명성 등을 종합적으로 고려하여 상장폐지기준에 해당한다고 결정,00818472,0
900280,골든센츄리,20250108,"사업보고서, 반기보고서 또는 분기보고서 미제출로 상장규정 제53조제1항제6호에 따라 관리종목으로 지정된 상태에서 공시규정 제19조제1항에 따른 사업보고서, 반기보고서 또는 분기보고서를 법정제출기한내 미제출",01168143,0
214310,에스엘에너지,20241223,기업의 계속성 및 경영의 투명성 등을 종합적으로 고려하여 상장폐지기준에 해당한다고 결정,00957568,0
419700,이브이파킹서비스,20241212,지정자문인 선임계약 해지 후 30일 이내 미체결('24.11.28限),01695498,0
062860,티엘아이,20241114,기업의 계속성 및 경영의 투명성 등을 종합적으로 고려하여 상장폐지기준에 해당한다고 결정,00261887,0
263540,어스앤에어로스페이스,20241106,기업의 계속성 및 경영의 투명성 등을 종합적으로 고려하여 상장폐지기준에 해당한다고 결정,00971090,0
053590,한국테크놀로지,20241007,해산사유 발생(파산선고),00355548,0
286000,씨엔티드림,20241007,외부감사인의 감사의견 의견거절,01114559,0
089530,에이티세미콘,20240906,기업의 계속성 및 경영의 투명성 등을 종합적으로 고려하여 상장폐지 기준에 해당한다고 결정,00458562,0
258250,셀젠텍,20240830,지정자문인 선임계약 해지 후 30일 이내 미체결(2024.8.16 限),01117918,0
299670,에스엠비나,20240816,지정자문인 선임계약 해지 후 30일 이내 미체결(2024.8.1 限),01203507,0
065560,녹원씨엔아이,20240729,기업의 계속성 및 경영의 투명성 등을 종합적으로 고려하여 상장폐지기준에 해당한다고 결정,00393469,0
136510,스마트솔루션즈,20240725,감사의견 거절,00763358,0
181340,이즈미디어,20240710,감사범위 제한,00861720,0
058530,파나케이아,20240625,기업의 계속성 및 경영의 투명성 등을 종합적으로 고려하여 상장폐지기준에 해당한다고 결정,00353018,0
006580,대양제지,20240621,상장폐지 신청('24.05.17),00111227,0
163430,디피코,20240618,'22사업연도 감사의견 의견거절 및 '23사업연도 사업보고서 미제출,01072518,0
161570,THE MIDONG,20240617,기업의 계속성 및 경영의 투명성 등을 종합적으로 고려하여 상장폐지기준에 해당한다고 결정,00945208,0
148140,비디아이,20240607,기업의 계속성 및 경영의 투명성 등을 종합적으로 고려하여 상장폐지기준에 해당한다고 결정,00610490,0
030790,비케이탑스,20240513,감사의견 의견거절 2년 계속,00273615,0
058220,아리온,20240503,감사의견 거절(감사범위 제한 및 계속기업 존속능력에 대한 불확실성),00441128,0
322190,베른,20240425,감사의견 의견거절(감사범위제한),01412938,0
248020,젬,20240405,외부감사인의 감사의견 의견거절,01169498,0
150440,피노텍,20240321,외부감사인의 감사의견 의견거절,00990262,0
114120,크루셜텍,20240215,기업의 계속성 및 경영의 투명성 등을 종합적으로 고려하여 상장폐지기준에 해당한다고 결정,00618401,0
141020,디에스앤엘,20240103,기업의 계속성 및 경영의 투명성 등을 종합적으로 고려하여 상장폐지기준에 해당한다고 결정,00812362,0
138690,엘아이에스,20231206,기업의 계속성 및 경영의 투명성 등을 종합적으로 고려하여 상장폐지기준에 해당한다고 결정,00670085,0
015540,에코바이브,20231107,감사의견 의견거절 2년 계속,00108065,0
069110,코스온,20231020,감사의견 거절(감사범위 제한),00402989,0
242350,피엔아이컴퍼니,20230918,지정자문인 선임계약 해지 후 30일 이내 미체결(2023.9.4 限),00990563,0
048260,오스템임플란트,20230814,상장폐지 신청('23.06.28),00341916,0
348840,데이드림엔터,20230810,상장폐지 신청,01343735,0
078650,지나인제약,20230721,감사의견 거절(감사범위 제한 및 계속기업가정 불확실성),00477257,0
096640,멜파스,20230717,기업의 계속성 및 경영의 투명성 등을 종합적으로 고려하여 상장폐지기준에 해당한다고 결정,00609315,0
285770,라이프사이언스테크놀로지,20230612,외부감사인의 감사의견 의견거절,01187175,0
281310,바이오시네틱스,20230612,외부감사인의 감사의견 의견거절,01186671,0
050540,엠피씨플러스,20230508,감사의견 거절(감사범위 제한),00302078,0
140290,청광건설,20230508,상장폐지 신청,00599489,0
135160,무송지오씨,20230502,발행한 어음 또는 수표가 주거래은행에 의하여 최종부도로 결정되거나 거래은행에 의한 거래정지,00657756,0
215050,비엔디생활건강,20230421,감사의견 의견거절(감사범위제한),01055317,0
267060,명진홀딩스,20230418,지정자문인 선임계약 해지 후 30일 이내 미체결(2023.4.4 限),01190513,0
058420,제이웨이,20230414,감사의견 거절(감사범위 제한 및 계속기업가정 불확실성),00359474,0
271850,다이오진,20230412,지정자문인 선임계약 해지 후 30일 이내 미체결(2023.3.29 限),01163050,0
267810,앙츠,20230404,지정자문인 선임계약 해지 후 30일 이내 미체결(2023.3.21 限),01187865,0
056000,코원플레이,20230330,감사의견 거절(감사범위 제한 및 계속기업가정 불확실성),00361266,0
064510,유네코,20230117,감사의견 거절(감사범위 제한 및 계속기업 존속능력 불확실성),00127699,0
329020,오션스톤,20221227,지정자문인 선임계약 해지 후 30일 이내 미체결(2022.12.13 限),01388631,0
158310,참존글로벌,20221109,기업의 계속성 및 경영의 투명성 등을 종합적으로 고려하여 상장폐지기준에 해당한다고 결정,00923899,0
060300,레드로버,20221104,기업의 계속성 및 경영의 투명성 등을 종합적을 고려하여 상장폐지기준에 해당한다고 결정,00364795,0
347140,케이프이에스제4호,20221031,상장예비심사 청구서 미제출로 관리종목 지정 후 1개월 이내 동 사유 미해소,01428249,0
126870,뉴로스,20221026,감사의견 거절(감사범위 제한 및 계속기업 존속능력 불확실성),00638539,0
182690,테라셈,20221017,감사의견 거절(감사범위 제한),00411905,0
090740,연이비앤티,20221017,기업의 계속성 및 경영의 투명성 등을 종합적으로 고려하여 상장폐지기준에 해당한다고 결정,00495554,0
046110,한일네트웍스,20221005,상장폐지 신청('22.08.31),00277736,0
127160,매직마이크로,20220922,감사의견 거절(감사범위 제한 및 계속기업 존속능력 불확실성),00806972,0
053110,소리바다,20220907,감사의견 거절(감사범위 제한),00352718,0
176440,에이치엔티,20220627,기업의 계속성 및 경영의 투명성 등을 종합적을 고려하여 상장폐지기준에 해당한다고 결정,00872452,0
309900,티티씨디펜스,20220616,외부감사인의 감사의견 의견거절,01350638,0
220630,맘스터치,20220531,상장폐지 신청('22.03.30),01089855,0
050320,에스에이치엔엘,20220531,감사의견 거절,00245898,0
052190,세영디앤씨,20220527,감사의견 거절(감사범위 제한 및 계속기업 존속능력에 대한 불확실성),00347877,0
950180,SNK,20220518,상장폐지 신청('22.04.14),01338724,0
240340,인터코스,20220517,외부감사인의 감사의견 의견거절,01117592,0
225850,미애부,20220427,감사의견 의견거절(감사범위제한 및 계속기업 존속불확실성),00866594,0
225860,엠앤씨생명과학,20220427,감사의견 의견거절(감사범위제한 및 계속기업 존속불확실성),01116274,0
053660,현진소재,20220426,감사의견 거절(감사범위 제한 및 계속기업 존속능력에 대한 불확실성),00188715,0
039670,스포츠서울,20220420,기업의 계속성 및 경영의 투명성 등을 종합적으로 고려하여 상장폐지기준에 해당한다고 결정,00298687,0
270020,이십일스토어,20220414,사업보고서 법정제출기한('22.3.31限) 내 미제출,01183407,0
153360,하이골드3호,20220411,감사의견 부적정,00905316,0
066110,한프,20220406,감사의견 거절(감사범위 제한),00226228,0
327970,케어룸의료산업,20220311,상장폐지 신청,01344752,0
114570,지스마트글로벌,20220223,감사의견 거절(감사범위 제한 및 계속기업 존속능력에 대한 불확실성),00673976,0
007630,폴루스바이오팜,20220222,감사의견 의견거절 2년 계속,00167280,0
221610,자안바이오,20220105,발행한 어음 또는 수표가 주거래은행에 의하여 최종부도로 결정되거나 거래은행에 의한 거래정지,00493431,0
045890,GV,20211220,해산사유 발생(파산선고),00455112,0
087730,이엠네트웍스,20211008,기업의 계속성 및 경영의 투명성 등을 종합적으로 고려하여 상장폐지기준에 해당한다고 결정,00496225,0
033110,코너스톤네트웍스,20211008,감사의견 거절(감사범위 제한 및 계속기업 존속능력에 대한 불확실성),00194275,0
039230,에이아이비트,20211006,감사의견 거절(감사범위 제한),00295370,0
111820,지유온,20210930,기업의 계속성 및 경영의 투명성 등을 종합적으로 고려하여 상장폐지기준에 해당한다고 결정,00689418,0
141070,맥스로텍,20210916,발행한 어음 또는 수표가 주거래은행에 의하여 최종부도로 결정되거나 거래은행에 의한 거래정지,00678096,0
080440,에스제이케이,20210913,해산사유 발생(파산선고),00366793,0
033430,디에스티,20210902,감사의견 한정(감사범위 제한),00244419,0
354230,폭스소프트,20210901,지정자문인 선임계약 해지 후 30일 이내 미체결(2021.8.18 限),01418260,0
086250,이노와이즈,20210831,감사의견 거절(감사범위 제한),00166333,0
038160,팍스넷,20210823,감사의견 거절(감사범위 제한 및 계속기업 존속능력에 대한 불확실성),00334624,0
033600,럭슬,20210811,감사의견 거절(감사범위 제한),00264787,0
065620,제낙스,20210809,감사의견 거절(감사범위 제한 및 계속기업 존속능력에 대한 불확실성),00201788,0
900080,에스앤씨엔진그룹,20210614,"법정제출기한까지 사업보고서를 제출하지 아니한 후, 법정제출기한의 다음날부터 10일이내에 사업보고서를 제출하지 아니함 ",00786331,0
226350,아이엠텍,20210611,감사의견 거절(감사범위 제한),00809517,0
195440,퓨전,20210610,감사의견 거절(감사범위 제한 및 계속기업 존속능력에 대한 불확실성),01113949,0
008800,행남사,20210607,기업의 계속성 및 경영의 투명성 등을 종합적으로 고려하여 상장폐지기준에 해당한다고 결정,00164362,0
073070,에이팸,20210604,기업의 계속성 및 경영의 투명성 등을 종합적으로 고려하여 상장폐지기준에 해당,00235147,0
120780,전우정밀,20210506,분산요건 미달,00673301,0
224880,SGA클라우드서비스,20210506,분산요건 미달,01137897,0
102210,에이치디,20210419,기업의 계속성 및 경영의 투명성 등을 종합적으로 고려하여 상장폐지기준에 해당한다고 결정,00299358,0
028040,미래SCI,20210413,"최근 2년간 3회 이상 공시규정 제19조제1항의 규정에 의한 사업보고서, 반기보고서 또는 분기보고서 법정제출기한 내 미제출",00111865,0
329050,구스앤홈,20210413,사업보고서 법정제출기한('21.3.31限)내 미제출,01337114,0
036260,이매진아시아,20210215,기업의 계속성 및 경영의 투명성 등을 종합적으로 고려하여 상장폐지기준에 해당,00122339,0
241510,이에스산업,20210126,지정자문인 선임계약 해지 후 30일 이내 미체결(2021.1.13 限),01119387,0
271780,비엔에프코퍼레이션,20201105,상장폐지 신청('20.10.13),01221947,0
194510,파티게임즈,20200909,감사의견거절(감사범위 제한),00977696,0
204990,코썬바이오,20200811,기업의 계속성 및 경영의 투명성 등을 종합적으로 고려하여 상장폐지기준에 해당한다고 결정,00874195,0
065940,바이오빌,20200731,감사의견 거절(감사범위 제한 및 계속기업 존속능력에 대한 불확실성),00155382,0
149940,모다,20200710,감사의견거절(감사범위 제한),00757816,0
134780,화진,20200702,감사의견거절(감사범위제한),00238977,0
112240,에스에프씨,20200630,감사의견 거절(감사범위 제한),00450339,0
005450,신한,20200630,감사의견 의견거절 2년 계속,00173740,0
183350,LPK로보틱스,20200617,"외부감사인의 감사의견 거절(감사범위 제한), 감사의견 한정(감사범위 제한)",00989327,0
103130,웅진에너지,20200601,감사의견 의견거절 2년 계속,00609485,0
094190,이엘케이,20200522,감사의견 거절(감사범위 제한 및 계속기업 존속능력에 대한 불확실성),00379016,0
900040,차이나그레이트,20200522,"법정제출기한까지 사업보고서를 제출하지 아니한 후, 법정제출기한의 다음날부터 10일이내에 사업보고서를 제출하지 아니함 ",00695464,0
030270,에스마크,20200521,감사의견거절(감사범위제한 및 계속기업 존속 불확실),00100258,0
054340,피앤텔,20200521,감사의견 거절(감사범위 제한 및 계속기업 존속능력에 대한 불확실성),00302120,0
197210,리드,20200514,기업의 계속성 및 경영의 투명성 등을 종합적으로 고려하여 상장폐지기준에 해당한다고 결정,00601641,0
205290,케미메디,20200513,외부감사인의 감사의견 의견거절(감사범위 제한),01086812,0
189540,씨티네트웍스,20200512,감사의견 거절(계속기업 존속능력에 대한 불확실성),00961136,0
159650,하이골드8호,20200427,감사의견 부적정,00930321,0
220110,드림티엔터테인먼트,20200410,사업보고서 법정제출기한('20.3.30限)내 미제출,01066030,0
123260,파인넥스,20200410,"제28조제1항제9호에 따라 관리종목 지정 후 공시규정 제19조제1항에 따른 사업보고서 법정제출기한 내 미제출, 최근 2년간 3회 이상 공시규정 제19조제1항의 규정에 의한 사업보고서, 반기보고서 또는 분기보고서 법정제출기한 내 미제출",00671437,0
311840,대원모방,20200227,지정자문인 선임계약 해지 후 30일 이내 미체결(2020.2.13 限),01195828,0
252370,유쎌,20200227,지정자문인 선임계약 해지 후 30일 이내 미체결(2020.2.13 限),01063963,0
122800,썬텍,20200212,기업의 계속성 및 경영의 투명성 등을 종합적으로 고려하여 상장폐지기준에 해당한다고 결정,00527880,0
035480,제이테크놀로지,20191212,기업의 계속성 및 경영의 투명성 등을 종합적으로 고려하여 상장폐지기준에 해당한다고 결정,00255141,0
017680,데코앤이,20191120,발행한 어음 또는 수표가 주거래은행에 의하여 최종부도로 결정되거나 거래은행에 의한 거래정지,00112819,0
135270,세종머티리얼즈,20191002,파산선고에 따른 해산사유 발생,00619020,0
221670,주노콜렉션,20190716, 지정자문인 선임계약 해지 후 30일 이내 미체결(2019.7.2 限) ,01076550,0
242850,영현무역,20190522,지정자문인 선임계약 해지 후 30일 이내 미체결(2019.5.8 限),01113781,0
065160,에프티이앤이,20190503,감사의견 거절(감사범위 제한),00389387,0
250300,제이에스피브이,20190304,지정자문인 선임계약 해지 후 30일이내 미체결(2019.2.1 限),01018954,0
245030,스페이스솔루션,20190227,상장폐지 신청('19.1.25),00664288,0
900090,차이나하오란,20190102,제28조제1항제9호에 따라 관리종목 지정 후 공시규정 제19조 제1항에 따른 분기보고서 법정기한 내 미제출,00790121,0
272420,극동자동화,20181115,상장폐지 신청('18.11.5),01088458,0
194610,우성아이비,20181012,감사의견거절(감사범위 제한 및 계속기업 존속능력에 대한 불확실성),01011562,0
155960,지디,20181012,감사의견 거절(감사범위 제한),00676122,0
110660,세신버팔로,20181011,지정자문인 선임계약 해지 후 30일이내 미체결(2018.9.20限),00555740,0
032040,C&S자산관리,20181011,감사의견거절(범위제한 및 계속기업 존속능력에 대한 불확실성),00173731,0
081970,넥스지,20181011,감사의견거절(감사범위제한),00584362,0
047440,레이젠,20181011,감사의견거절(감사범위 제한 및 계속기업 존속능력에 대한 불확실성),00324104,0
026260,위너지스,20181011,감사의견거절(감사범위 제한),00207223,0
052290,트레이스,20181011,감사의견거절(감사범위 제한),00348177,0
005980,성지건설,20181004,감사의견 의견거절,00133238,0
251540,에스와이제이,20180907,감사의견 거절(감사범위 제한),01117495,0
138290,지성이씨에스,20180822,상장폐지 신청('18.7.19),00890388,0
043580,에임하이,20180810,감사의견거절(감사범위 제한),00222806,0
144740,피엠디아카데미,20180807,지정자문인 선임계약 해지 후 30일이내 미체결(2018.07.24限),00835734,0
099660,신텍,20180709,발행한 어음 또는 수표가 주거래은행에 의하여 최종부도로 결정되거나 거래은행에 의한 거래정지,00599887,0
900180,완리,20180523,감사의견거절(감사범위 제한),00842327,0
246830,시냅스엠,20180514,감사의견 거절(계속기업 존속능력에 대한 불확실성),01115257,0
235090,태경피엔에스,20180509,감사의견 거절(감사범위 제한),01095892,0
087220,스틸플라워,20180508,감사의견거절(감사범위 제한 및 계속기업 존속능력에 대한 불확실성),00454265,0
099830,씨그널엔터테인먼트그룹,20180504,감사의견거절(감사범위 제한),00232496,0
252940,에스엠로보틱스,20180425,감사의견 거절(감사범위 제한 및 계속기업 존속능력에 대한 불확실성),01111765,0
091270,유디피,20180418,지정자문인 선임계약 해지 후 30일이내 미체결(2018.04.04限),00612115,0
199870,세기리텍,20180328,지정자문인 선임계약 해지후 30일이내 미체결(18.3.14限),00929778,0
051170,썬코어,20180315,'16사업연도 감사의견거절(계속기업 존속능력에 대한 불확실성) 및 '17사업연도 반기 감사의견거절(계속기업 존속능력에 대한 불확실성),00202778,0
039790,위노바,20180309,기업의 계속성 및 경영의 투명성 등을 종합적으로 고려하여 상장폐지기준에 해당한다고 결정,00261735,0
023430,아이이,20171220,기업의 계속성 및 경영의 투명성 등을 종합적으로 고려하여 상장폐지기준에 해당한다고 결정,00100717,0
260490,캐로스,20171129,지정자문인 선임계약 해지 후 30일이내 미체결(2017.11.15限),01018167,0
900050,중국원양자원,20170927,감사의견 의견거절,00722500,0
095300,엔에스브이,20170912,"감사의견 거절(내부회계관리제도상의 취약점, 계속기업가정의 불확실성 및 재고자산 관련 감사범위 제한)",00447478,0
189700,디피앤케이,20170831,지정자문인 선임계약 해지 후 30일이내 미체결(2017.08.17限),00632331,0
204690,다린,20170802,상장폐지 신청('17.07.28),00410678,0
900130,웨이포트,20170725,상장폐지 신청('17.06.22),00823687,0
156170,비앤에스미디어,20170713,지정자문인 선임계약 해지 후 30일이내 미체결(2017.6.29限),00974459,0
004740,보루네오,20170705,"기업의 계속성, 경영의 투명성 및 기타 공익과 투자자 보호 등을 종합적으로 고려하여 상장폐지 기준에 해당한다고 결정",00123152,0
165270,금오하이텍,20170607,최종부도 발생,00659815,0
036500,에스에스컴텍,20170511,감사의견 거절(감사범위 제한 및 계속기업 존속능력에 대한 불확실성),00267960,0
086830,신양오라컴,20170508,감사의견 거절(감사범위 제한 및 계속기업 존속능력에 대한 불확실성),00317830,0
058370,비엔씨컴퍼니,20170508,감사범위제한으로 인한 한정의견,00372989,0
090970,코리아01호,20170425,감사의견 의견거절,00580603,0
091000,코리아04호,20170425,감사의견 의견거절,00580630,0
090990,코리아03호,20170425,감사의견 의견거절,00580621,0
090980,코리아02호,20170425,감사의견 의견거절,00580612,0
110570,넥솔론,20170417,자본전액잠식,00636045,0
052270,우전,20170413,자본전액잠식 등,00291231,0
194860,SY이노베이션,20170412,감사의견 거절(감사범위제한),00992312,0
068150,케이엔씨글로벌,20170307,기업의 계속성 및 경영의 투명성 등을 종합적으로 고려하여 상장폐지기준에 해당한다고 결정,00394778,0
066270,SK컴즈,20170227,상장폐지신청('17.02.07),00361725,0
060910,프리젠,20170224,최근 5사업연도 연속 영업손실 발생,00353230,0
192240,나이코,20161223,상장폐지 신청('16.12.9),00967778,0
185280,이푸른,20161205,지정자문인 선임계약 해지 후 30일이내 미체결(2016.11.21限),00893923,0
011720,현대페인트,20161121,감사의견 의견거절,00164955,0
053810,아이팩토리,20160919,감사의견 거절(감사범위 제한 및 기업회계기준 위배),00351047,0
037340,씨엘인터내셔널,20160908,2반기 연속 자본잠식률 50% 이상,00241236,0
074150,엠제이비,20160905,감사의견거절(감사범위 제한),00418476,0
207230,디와이엘엔제이,20160726,지정자문인 선임계약의 해지한 날의 다음날부터 30일이내(2016.07.12限) 지정자문인 선임계약 미체결,00959265,0
082390,피엘에이,20160725,기업의 계속성 및 경영의 투명성 등을 종합적으로 고려하여 상장폐지기준에 해당한다고 결정,00496003,0
103650,에이치앤아이,20160714,최종부도 발생,00678281,0
179440,피엠에스,20160707,상장폐지 신청('16.6.14),00872850,0
086200,제이앤유글로벌,20160509,감사의견거절(감사범위 제한),00413824,0
078780,아이디에스,20160428,'14사업연도 자본잠식률 50%이상 사유로 관리종목 지정 후 '15사업연도 반기 감사의견 거절,00446460,0
051310,포스코플랜텍,20160415,자본전액잠식,00181934,0
065270,플렉스컴,20160412,자본전액잠식,00364926,0
151750,테라텍,20160223,상장폐지 신청('16.02.01),00665630,0
111610,승화프리텍,20160125,"기업의 계속성, 경영의 투명성 또는 그 밖에 코스닥시장의 건전성 등을 종합적으로 고려하여 상장폐지 기준에 해당한다고 결정",00609254,0
950010,평산차업 KDR,20151105,시가총액 미달,00599230,0
121550,코크렙15호,20151016,매출액 미달(50억원 미만) 2년 계속,00788807,0
053870,GT&T,20151015,'14사업연도 자본잠식률 50%이상 사유로 관리종목 지정 후 '15사업연도 반기 감사의견 거절,00351269,0
082220,프렉코,20150925,지정자문인 선임계약의 해지한 날의 다음날부터 30일이내(2015.09.11限) 지정자문인 선임계약 미체결,00535719,0
068060,KCW,20150918,"기업의 계속성, 경영의 투명성 또는 그 밖에 코스닥시장의 건전성 등을 종합적으로 고려하여 상장폐지 기준에 해당한다고 결정",00175650,0
138440,이코리아리츠,20150916,"기업의 계속성, 경영의 투명성 및 기타 공익과 투자자 보호 등을 종합적으로 고려하여 상장폐지 기준에 해당한다고 결정",00846396,0
074130,디아이디,20150723,"기업의 계속성, 경영의 투명성 또는 그 밖에 코스닥시장의 건전성 등을 종합적으로 고려하여 상장폐지 기준에 해당한다고 결정",00302801,0
040670,와이즈파워,20150716,자본전액잠식 등,00248123,0
071930,에이스하이텍,20150710,감사의견거절(감사범위 제한),00183260,0
033630,SK브로드밴드,20150701,상장폐지신청('15.6.11),00243988,0
066350,티에스엠텍,20150520,발행한 어음 또는 수표가 주거래은행에 의하여 최종부도로 결정되거나 거래은행에 의한 거래정지,00397243,0
039530,씨앤케이인터,20150519,기업의 계속성 및 경영의 투명성 등을 종합적으로 고려하여 상장폐지기준에 해당한다고 결정,00252755,0
039850,태창파로스,20150519,기업의 계속성 및 경영의 투명성 등을 종합적으로 고려하여 상장폐지기준에 해당한다고 결정,00246347,0
090120,잘만테크,20150513,감사의견 거절(계속기업 존속능력에 대한 불확실성 및 감사범위 제한),00491336,0
065180,해피드림,20150504,감사범위제한으로 인한 한정의견,00389679,0
160350,웹솔루스,20150430,감사의견 거절(감사범위 제한 및 계속기업 존속능력에 대한 불확실성),00350491,0
179280,스탠다드펌,20150430,감사의견 거절(감사범위 제한 및 계속기업 존속능력에 대한 불확실성),00970277,0
053330,영진코퍼레이션,20150423,자본전액잠식,00356158,0
000800,경남기업,20150415,자본전액잠식,00101257,0
000360,삼환기업,20150415,자본전액잠식,00129411,0
014350,신일건업,20150415,자본전액잠식,00136970,0
181980,힘스인터내셔널,20150415,상장폐지 신청('15.03.23),00810531,0
004320,울트라건설,20150413,자본전액잠식,00144766,0
149130,케이비부국위탁리츠,20150302,감사의견 부적정,00890333,0
000420,로케트전기,20150224,감사의견 의견거절,00120377,0
053740,국제엘렉트릭,20150210,상장폐지 신청('15.01.15),00218052,0
032420,터보테크,20150127,기업의 계속성 및 경영의 투명성 등을 종합적으로 고려하여 상장폐지기준에 해당한다고 결정,00229818,0
091690,디지텍시스템,20150121,감사의견 거절(감사범위 제한 및 계속기업 존속능력에 대한 불확실성),00543231,0
119250,에프지엔개발리츠,20141029,"기업의 계속성, 경영의 투명성 및 기타 공익과 투자자 보호 등을 종합적으로 고려하여 상장폐지 기준에 해당한다고 결정",00693800,0
046400,디브이에스,20140902,감사의견거절(감사범위제한),00263140,0
110500,유니드코리아,20140902,감사의견 거절(계속기업 존속능력에 대한 불확실성),00653990,0
013340,AJS,20140902,감사의견거절(감사범위 제한 및 계속기업 존속능력에 대한 불확실성),00138695,0
070480,에버테크노,20140717,감사의견 거절(감사범위 제한 및 계속기업 존속능력에 대한 불확실성,00446479,0
082930,실리콘화일,20140523,상장폐지신청('14.04.22),00525527,0
056340,CU전자,20140521,최종부도 발생,00361114,0
041060,아라온테크,20140508,감사의견 거절(감사범위 제한 및 계속기업 존속능력에 대한 불확실성),00264857,0
005900,동양건설,20140425,자본전액잠식,00117072,0
002530,벽산건설,20140425,공시서류 미제출(사업보고서) 후 10일이내 미제출,00122922,0
067250,STX조선해양,20140415,자본전액잠식,00109453,0
010460,화인자산관리,20140415,보통주 주식분포요건 미충족 2년 계속,00156521,0
010670,나노트로닉스,20140411,기업의 계속성 및 경영의 투명성 등을 종합적으로 고려하여 상장폐지기준에 해당,00268437,0
110310,모린스,20140411,자본전액잠식 등,00676380,0
012650,쌍용건설,20140411,자본전액잠식 등,00138206,0
036210,태산엘시디,20140411,자본전액잠식등,00255840,0
074000,엠텍비젼,20140327,최근 5사업연도 연속 영업손실 발생 등,00447982,0
004790,렉스엘이앤지,20140304,"기업의 계속성, 경영의 투명성 또는 기타 코스닥시장의 건전성 등을 종합적으로 고려하여 상장폐지가 필요하다고 인정",00106492,0
053320,테라리소스,20140207,기업의 계속성 및 경영의 투명성 등을 종합적으로 고려하여 상장폐지기준에 해당,00350738,0
900060,중국식품포장,20131011,상장폐지신청('13.09.06),00694003,0
950070,중국고섬,20131004,감사의견 의견거절,00844884,0
049000,예당,20130910,기업의 계속성 및 경영의 투명성 등을 종합적으로 고려하여 상장폐지기준에 해당,00252393,0
056810,위다스,20130910,의견거절(감사범위 제한),00351153,0
035450,지아이바이오,20130807,감사의견거절(감사범위 제한 및 계속기업으로서의 존속능력에 대한 불확실성),00259439,0
037630,에스비엠,20130724,감사의견거절(감사범위 제한 및 계속기업으로서의 존속능력에 대한 불확실성),00265227,0
073930,제너시스템즈,20130712,자본전액잠식,00453752,0
025920,우경,20130710,감사의견거절(감사범위 제한),00183914,0
900010,3노드디지탈,20130605,상장폐지 신청('13.05.08),00630111,0
012410,글로스텍,20130604,감사의견 의견거절,00102645,0
033550,룩손에너지,20130507,감사의견거절(감사범위 제한 및 계속기업으로서의 존속능력에 대한 불확실성),00268011,0
036920,지앤에스티,20130507,감사의견거절(감사범위 제한),00240088,0
088700,마이스코,20130504,감사의견거절(계속기업으로서의 존속능력에 대한 불확실성),00450214,0
028090,네오퍼플,20130503,감사의견거절(감사범위 제한 및 계속기업으로서의 존속능력에 대한 불확실성),00121251,0
003190,알앤엘바이오,20130503,감사의견 의견거절,00112004,0
051710,디에스,20130501,감사의견거절(감사범위 제한 및 계속기업으로서의 존속능력에 대한 불확실성),00314888,0
009010,에듀언스,20130501,감사의견거절(감사범위 제한 및 계속기업으로서의 존속능력에 대한 불확실성),00173634,0
038720,유일엔시스,20130501,감사의견 부적정,00264802,0
046840,자유투어,20130501,감사의견거절(감사범위 제한) ,00343127,0
013780,아큐텍,20130423,"기업의 계속성, 경영의 투명성 또는 기타 코스닥시장의 건전성 등을 종합적으로 고려하여 상장폐지가 필요하다고 인정",00267951,0
071530,유에이블,20130423,"기업의 계속성, 경영의 투명성 또는 기타 코스닥시장의 건전성 등을 종합적으로 고려하여 상장폐지가 필요하다고 인정",00416706,0
009280,다함이텍,20130416,매출액 미달(50억원 미만) 2년 계속,00130046,0
006440,한일건설,20130416,자본전액잠식,00162780,0
026250,삼우이엠씨,20130412,자본전액잠식,00127370,0
052650,이디디컴퍼니,20130412,반기 재무제표에 대한 검토의견거절로 관리종목 지정후 자본잠식률 50% 이상,00329677,0
066060,휴먼텍코리아,20130412,자본전액잠식,00371519,0
093410,코리아06호,20130410,감사의견 의견거절,00592592,0
093400,코리아05호,20130410,감사의견 의견거절,00592583,0
099210,코리아07호,20130410,감사의견 의견거절,00637114,0
068420,엔터기술,20130406,"기업의 계속성, 경영의 투명성 또는 기타 코스닥시장의 건전성 등을 종합적으로 고려하여 상장폐지가 필요하다고 인정",00407975,0
031920,신민저축은행,20130227,2반기 연속 자본잠식률 50%이상,00136095,0
034010,트라이써클,20130221,"기업의 계속성, 경영의 투명성 또는 기타 코스닥시장의 건전성 등을 종합적으로 고려하여 상장폐지가 필요하다고 인정",00251482,0
038120,AD모터스,20130130,"기업의 계속성, 경영의 투명성 또는 기타 코스닥시장의 건전성 등을 종합적으로 고려하여 상장폐지가 필요하다고 인정",00266989,0
015110,중앙건설,20121211,보통주 주가수준미달,00149664,0
046430,알에스넷,20121205,"기업의 계속성, 경영의 투명성 또는 기타 코스닥시장의 건전성 등을 종합적으로 고려하여 상장폐지가 필요하다고 인정",00207436,0
045050,큐리어스,20121127,"기업의 계속성, 경영의 투명성 또는 기타 코스닥시장의 건전성 등을 종합적으로 고려하여 상장폐지가 필요하다고 인정",00272412,0
042820,어울림 네트,20121117,기업의 계속성 및 경영의 투명성 등을 종합적으로 고려하여 상장폐지 기준에 해당한다고 결정,00264741,0
047730,넷웨이브,20121117,기업의 계속성 및 경영의 투명성 등을 종합적으로 고려하여 상장폐지 기준에 해당한다고 결정,00304401,0
043890,한빛방송,20121101,상장폐지 신청('12.09.26),00270432,0
035210,티브로드도봉강북방송,20121101,상장폐지신청('12.09.26),00244729,0
038990,넥스콘테크,20121101,상장폐지신청('12.10.09),00264644,0
016560,서울저축은행,20121017,자본잠식(자본금의 50/100이상 잠식) 2년 계속,00130815,0
007200,진흥저축은행,20121017,자본전액잠식,00150855,0
073130,인스프리트,20121012,자본잠식률 50% 이상으로 관리종목 지정 이후 최근 반기의 재무제표에 대한 감사인의 감사의견거절 등,00441872,0
016140,웨스테이트,20121012,상장폐지신청('12.09.12),00131328,0
071660,SSCP,20120929,최종부도 발생,00126593,0
050050,유아이에너지,20120926,자본전액잠식,00262123,0
900150,성융광전투자,20120926,감사의견거절(감사범위 제한 및 계속기업존속능력 불확실성),00830377,0
034510,무한투자,20120925,시가총액 40억원 미달,00240398,0
900030,연합과기,20120914,감사의견 의견거절,00680161,0
007150,동양텔레콤,20120911,2회 연속 자본잠식률 50%이상,00117638,0
033280,어울림엘시스,20120911,2반기 연속 자본잠식률 50%이상,00206127,0
038320,어울림정보,20120908,2반기 연속 자본잠식률 50%이상,00261124,0
019260,엔케이바이오,20120905,"기업의 계속성, 경영의 투명성 또는 기타 코스닥시장의 건전성 등을 종합적으로 고려하여 상장폐지 기준에 해당한다고 결정",00162577,0
011800,배명금속,20120903,최종부도발생,00122436,0
105070,금강제강,20120814,최종부도 발생,00579379,0
045260,디에이치패션,20120801,"기업의 계속성, 경영의 투명성 또는 기타 코스닥시장의 건전성 등을 종합적으로 고려하여 상장폐지가 필요하다고 인정",00264981,0
007800,솔로몬저축은행,20120725,"기업의 계속성, 경영의 투명성 및 기타 공익과 투자자 보호 등을 종합적으로 고려하여 상장폐지 기준에 해당한다고 결정",00189343,0
025610,한국저축은행,20120725,"기업의 계속성, 경영의 투명성 및 기타 공익과 투자자 보호 등을 종합적으로 고려하여 상장폐지 기준에 해당한다고 결정",00104704,0
098400,엔스퍼트,20120724,"기업의계속성, 경영의 투명성 또는 기타 코스닥시장의 건전성 등을 종합적으로 고려하여 상장폐지 기준에 해당한다고 결정",00595243,0
000470,그린손해보험,20120716,자본전액잠식,00104971,0
021060,한림창투,20120627,"기업의계속성, 경영의 투명성 또는 기타 코스닥시장의 건전성 등을 종합적으로 고려하여 상장폐지 기준에 해당한다고 결정",00161301,0
004550,대우송도개발,20120622,"기업의 계속성, 경영의 투명성 및 기타 공익과 투자자 보호 등을 종합적으로 고려하여 상장폐지 기준에 해당한다고 결정",00161028,0
012400,허메스홀딩스,20120612,감사의견 의견거절,00153551,0
008540,케이비물산,20120608,감사의견 의견거절,00154189,0
067130,클루넷,20120608,"기업의 계속성, 경영의 투명성 또는 기타 코스닥시장의 건전성 등을 종합적으로 고려하여 상장폐지 기준에 해당한다고 결정",00419989,0
037240,평안물산,20120601,감사의견거절(감사범위제한),00260693,0
065310,JH코오스,20120531,기업의 계속성 및 경영의 투명성 등을 종합적으로 고려하여 상장폐지 기준에 해당한다고 결정,00307037,0
001310,풍림산업,20120518,최종부도발생,00155498,0
053040,블루젬디앤씨,20120517,감사의견거절(감사범위 제한 및 계속기업존속 불확실성),00349468,0
050470,CT&T,20120501,감사 의견거절(감사범위 제한),00334493,0
066690,보광티에스,20120501,감사의견 거절(감사범위 제한 및 계속기업존속불확실성),00251385,0
015200,비앤비성원,20120501,감사의견거절(감사범위제한),00133089,0
040740,아인스M&M,20120501,감사의견거절(감사범위 제한 및 계속기업존속 불확실성),00262682,0
065610,폴리플러스,20120501,감사의견거절(감사범위제한),00245296,0
045470,에이프로테크놀로지,20120424,사업보고서 법정제출기한 익일부터 10일 이내 미제출 등,00264811,0
068630,에피밸리,20120424,사업보고서 법정제출기한 익일부터 10일 이내 미제출,00301486,0
002670,미주제강,20120417,발행한 어음 또는 수표가 주거래은행에 의하여 최종부도로 결정되거나 거래은행에 의한 거래 정지,00115472,0
101790,케이알제2호,20120417,자본잠식(자본금의 50/100이상 잠식) 2년 계속,00647917,0
052350,코아에스앤아이,20120417,감사의견거절(감사범위 제한),00345657,0
042340,대국,20120413,최근3사업연도중2사업연도자기자본 50%초과법인세비용차감전손실발생,00264848,0
056710,미리넷,20120413,자본전액잠식,00361035,0
094700,미성포리테크,20120413,자본전액잠식,00530796,0
056010,아이스테이션,20120413,자본전액잠식 등,00386557,0
015390,엘앤씨피,20120413,감사의견거절(감사범위제한),00191108,0
089480,평산,20120413,감사의견거절(감사범위제한),00220181,0
088960,씨티엘테크,20120208,기업의 계속성 및 경영의 투명성 등을 종합적으로 고려하여 상장폐지 기준에 해당한다고 결정,00355821,0
037380,에이원마이크로,20120201,기업의 계속성 및 경영의 투명성 등을 종합적으로 고려하여 상장폐지 기준에 해당한다고 결정,00164195,0
046720,엔하이테크,20120201,기업의 계속성 및 경영의 투명성 등을 종합적으로 고려하여 상장폐지 기준에 해당한다고 결정,00334767,0
061050,지앤디윈텍,20120120,기업의 계속성 및 경영의 투명성 등을 종합적으로 고려하여 상장폐지 기준에 해당한다고 결정,00335924,0
025340,그린기술투자,20111228,기업의 계속성 및 경영의 투명성 등을 종합적으로 고려하여 상장폐지 기준에 해당한다고 결정,00116073,0
061140,엘앤피아너스,20111228,"기업의 계속성, 경영의 투명성 또는 기타 코스닥시장의 건전성 등을 종합적으로 고려하여 상장폐지가 필요하다고 결정",00298252,0
026220,에스티씨라이프,20111129,기업의 계속성 및 경영의 투명성 등을 종합적으로 고려하여 상장폐지 기준에 해당한다고 결정,00133317,0
900020,코웰이홀딩스,20111126,상장폐지신청('11.10.27),00642648,0
037540,네스테크,20111126,"기업의 계속성, 경영의 투명성 또는 기타 코스닥시장의 건전성 등을 종합적으로 고려하여 상장폐지 기준에 해당한다고 결정",00259536,0
052810,아시아미디어홀딩스,20111122,"기업의 계속성, 경영의 투명성 또는 기타 코스닥시장의 건전성 등을 종합적으로 고려하여 상장폐지 기준에 해당한다고 결정",00355292,0
950030,네프로아이티,20111105,기업의 계속성 및 경영의 투명성 등을 종합적으로 고려하여 상장폐지 기준에 해당한다고 결정,00687599,0
037550,클라스타,20111026,"자본잠식률 50% 이상으로 관리종목 지정 후, 최근 반기의 재무제표에 대한 감사인의 감사의견 거절",00314000,0
040180,대양글로벌,20111025,감사의견거절(감사범위 제한),00269773,0
024100,제일저축은행,20111014,자본전액잠식,00174129,0
026540,제일창투,20111014,감사의견거절(감사범위제한),00114826,0
037700,토자이홀딩스,20111012,기업의 계속성 및 경영의 투명성 등을 종합적으로 고려하여 상장폐지 기준에 해당한다고 결정,00265263,0
042870,에코페트로시스템,20111006,감사의견거절(감사범위 제한 및 계속기업으로서의 존속능력에 대한 불확실성),00268297,0
054010,선팩테크,20111006,감사의견거절(감사범위 제한 및 계속기업으로서의 존속능력에 대한 불확실성),00299376,0
052880,큐앤에스,20110923,상장폐지사유 발생,00350251,0
081090,씨모텍,20110923,감사의견거절(감사범위 제한 및 계속기업으로서의 존속능력에 대한 불확실성) 등,00582054,0
036840,히스토스템,20110915,"기업의 계속성, 경영의 투명성 또는 기타 코스닥시장의 건전성등을 종합적으로 고려하여 상장폐지가  필요하다고 인정",00165361,0
066340,케이에스알,20110909,자본잠식률 50% 이상으로 관리종목 지정 후 반기보고서 법정제출기한 익일부터 10일 이내 반기 검토(감사)보고서 미제출,00385451,0
047600,세계투어,20110909,자본잠식률 50% 이상으로 관리종목 지정 후 반기보고서 법정제출기한 익일부터 10일이내 반기검토(감사)보고서 미제출,00258944,0
050640,이룸지엔지,20110820,"기업의 계속성, 경영의 투명성 또는 기타 코스닥시장의 건전성 등을 종합적으로 고려하여 상장폐지가 필요하다고 인정",00439053,0
034600,글로웍스,20110629,자본잠식률 50%이상으로 관리종목 지정 후 반기 재무제표에 대한 감사의견 거절,00251190,0
105380,다산리츠,20110624,감사의견 의견거절,00686970,0
052510,에코솔루션,20110616,감사의견거절(감사범위 제한 및 계속기업으로서의 존속능력에 대한 불확실성),00346966,0
039350,헤파호프,20110616,기업의 계속성 및 경영의 투명성 등을 종합적으로 고려하여 상장폐지 기준에 해당한다고 결정,00267094,0
031950,에듀패스,20110609,"기업의 계속성, 경영의 투명성 또는 기타 코스닥시장의 건전성 등을 종합적으로 고려하여 상장폐지가 필요하다고 인정",00130860,0
014590,티엘씨레저,20110513,감사의견 의견거절,00106456,0
017170,훈영,20110513,감사의견 의견거절,00188946,0
072530,나이스메탈,20110507,감사의견거절(감사범위 제한 및 계속기업으로서의 존속능력에 대한 불확실성),00408585,0
038710,BRN사이언스,20110507,감사의견거절(계속기업으로서의 존속능력에 대한 불확실성),00334615,0
030420,디패션,20110507,감사의견 부적정,00228916,0
033850,지노시스템,20110507,감사의견거절(감사범위제한),00244589,0
088810,맥스브로,20110429,감사의견거절(감사범위 제한 및 계속기업으로서의 존속능력에 대한 불확실성),00560991,0
039040,유니텍전자,20110429,감사의견거절(감사범위 제한 및 계속기업으로서의 존속능력에 대한 불확실성),00265078,0
054170,엔빅스,20110429,감사의견거절(감사범위 제한),00300566,0
017160,세븐코스프,20110429,감사의견거절(감사범위제한 및 계속기업으로서의 존속능력에 대한 불확실성),00103121,0
043630,지앤알,20110429,감사의견거절(감사범위 제한 및 계속기업으로서의 존속능력에 대한 불확실성),00267474,0
054150,뉴젠아이씨티,20110429,감사의견거절(감사범위제한),00350118,0
019430,넥서스투자,20110429,감사의견거절(감사범위제한),00267809,0
016160,오라바이오틱스,20110426,공시서류 미제출(사업보고서) 후 10일이내 미제출,00109648,0
037020,한와이어리스,20110423,사업보고서 법정제출기한 익일부터 10일이내 미제출,00178471,0
032290,알티전자,20110423,사업보고서 법정제출기한 익일부터 10일 이내 미제출,00183215,0
049690,포휴먼,20110423,사업보고서 법정제출기한 익일부터 10일이내 미제출,00331733,0
060750,제이콤,20110416,최종부도 발생,00316488,0
013240,셀런,20110415,자본전액잠식,00134051,0
005350,봉신,20110415,자본전액잠식,00123648,0
031990,대선조선,20110413,자본전액잠식 등,00110307,0
043680,스톰이앤에프,20110413,자본전액잠식 등,00264796,0
048640,엠엔에프씨,20110413,자본전액잠식 등,00236368,0
030030,중앙디자인,20110413,자본전액잠식,00200761,0
019120,경윤하이드로,20110406,기업의 계속성 및 경영의 투명성 등을 종합적으로 고려하여 상장폐지 기준에 해당한다고 결정,00173324,0
032380,핸디소프트,20110303,기업의 계속성 및 경영의 투명성 등을 종합적으로 고려하여 상장폐지 기준에 해당한다고 결정,00231521,0
046240,에스브이에이치,20110212,기업의 계속성 및 경영의 투명성 등을 종합적으로 고려하여 상장폐지 기준에 해당한다고 결정,00268358,0
084450,세실,20110210,감사의견거절(범위제한 및 계속기업 존속 불확실성),00446831,0
088020,네이쳐글로벌,20110108,"기업의 계속성, 경영의 투명성 또는 기타 코스닥시장의 건전성 등을 종합적으로 고려하여 상장폐지 기준에 해당한다고 결정",00540304,0
082110,동북아8호,20110104,종목별 상장폐지신청,00510215,0
052210,엠씨티티코어,20101204,"기업의 계속성, 경영의 투명성 또는 기타 코스닥시장의 건전성 등을 종합적으로 고려하여 상장폐지 기준에 해당한다고 결정",00262275,0
047450,이앤텍,20101130,"기업의 계속성, 경영의 투명성 또는 기타 코스닥시장의 건전성 등을 종합적으로 고려하여 상장폐지 기준에 해당한다고 결정",00215107,0
048140,태광이엔시,20101125,"기업의 계속성, 경영의 투명성 또는 기타 코스닥시장의 건전성 등을 종합적으로 고려하여 상장폐지 기준에 해당한다고 결정",00320807,0
048510,테스텍,20101110,최근 사업연도말 기준으로 자본잠식률 100분의 50 이상 및 자기자본 10억원 미만의 사유로 관리종목으로 지정된 후 최근 반기말 외부감사인의 감사보고서상 계속기업 존속능력에 대한 불확실성으로 인한 의견거절 발생,00331760,0
070080,하이드로젠파워,20101106,최종부도,00430089,0
052970,올리브나인,20101020,"기업의 계속성, 경영의 투명성 또는 기타 코스닥시장의 건전성 등을 종합적으로 고려하여 상장폐지 기준에 해당한다고 결정",00362089,0
058900,투미비티,20101012,"기업의 계속성, 경영의 투명성 또는 기타 코스닥시장의 건전성 등을 종합적으로 고려하여 상장폐지 기준에 해당한다고 결정",00392600,0
055250,다휘,20101001,"기업의 계속성, 경영의 투명성 또는 기타 코스닥시장의 건전성 등을 종합적으로 고려하여 상장폐지 기준에 해당한다고 결정",00353735,0
035400,브이에스에스티,20101001,기업의 계속성 및 경영의 투명성 등을 종합적으로 고려하여 상장폐지가 필요하다고 인정,00223346,0
033030,지오엠씨,20100925,"기업의 계속성, 경영의 투명성 또는 기타 코스닥시장의 건전성 등을 종합적으로 고려하여 상장폐지 기준에 해당한다고 결정",00232317,0
041450,인네트,20100914,최종부도 발생,00269339,0
089240,네오세미테크,20100903,감사의견거절(감사범위 제한),00535588,0
058690,퓨쳐인포넷,20100826,기업의 계속성 및 경영의 투명성 등을 종합적으로 고려하여 상장폐지가 필요하다고 인정,00225210,0
041550,쎄라텍,20100825,"기업의 계속성, 경영의 투명성 또는 기타 코스닥시장의 건전성 등을 종합적으로 고려하여 상장폐지 기준에 해당한다고 결정",00138376,0
012580,톰보이,20100730,최종부도발생,00132488,0
018890,모라리소스,20100722,"기업의 계속성, 경영의 투명성 또는 기타 코스닥시장의  건전성 등을 종합적으로 고려하여 상장폐지 기준에 해당한다고 결정",00101947,0
011050,케드콤,20100722,감사의견 의견거절,00159281,0
047710,액티투오,20100721,"기업의 계속성, 경영의 투명성 또는 기타 코스닥시장의 건전성 등을 종합적으로 고려하여 상장폐지 기준에 해당한다고 결정",00348557,0
035830,메카포럼,20100716,"기업의 계속성, 경영의 투명성 또는 기타 코스닥시장의 건전성 등을 종합적으로 고려하여 상장폐지 기준에 해당한다고 결정",00246383,0
066300,샤인시스템,20100629,"기업의 계속성, 경영의 투명성 또는 기타 코스닥시장의 건전성 등을 종합적으로 고려하여 상장폐지 기준에 해당한다고 결정",00224567,0
066930,에스디,20100629,상장폐지신청('10.06.01),00317089,0
023670,알이엔,20100617,"기업의 계속성, 경영의 투명성 또는 기타 코스닥시장의 건전성 등을 종합적으로 고려하여 상장폐지 기준에 해당한다고 결정",00104892,0
068770,선우중공업,20100617,"기업의 계속성, 경영의 투명성 또는 기타 코스닥시장의 건전성 등을 종합적으로 고려하여 상장폐지 기준에 해당한다고 결정",00238913,0
011400,케이씨오에너지,20100520,최종부도발생,00173069,0
067850,바이나믹,20100519,당해 코스닥시장상장법인의 계속성 및 경영의 투명성 등을 종합적으로 고려한 결과 상장폐지기준에 해당한다고 결정,00417963,0
018410,현대금속,20100513,감사의견 의견거절,00174475,0
007490,태창기업,20100513,감사의견 의견거절,00154204,0
041630,인젠,20100508,감사범위제한으로 인한 의견거절,00352295,0
085990,단성일렉트론,20100508,감사의견거절(감사범위제한),00480905,0
058480,해원에스티,20100508,감사범위제한으로 인한 감사의견거절,00252001,0
057100,하이스마텍,20100508,감사의견거절(감사범위제한),00350057,0
053470,오페스,20100508,감사범위제한으로 인한 감사의견 거절,00311298,0
074140,엑스로드,20100508,감사범위제한으로 인한 의견거절,00463050,0
030390,쏠라엔텍,20100508,감사의견거절(감사범위제한 및 계속기업 존속 불확실),00268020,0
041320,보홍,20100508,감사의견거절(감사범위제한),00269287,0
065410,지엔텍홀딩스,20100505,감사의견거절(감사범위제한 및 계속기업 존속 불확실),00210537,0
041030,이루넷,20100505,감사범위제한으로 인한 감사의견 거절,00257529,0
012090,성원건설,20100503,감사의견 의견거절,00133034,0
024870,유성티에스아이,20100503,감사의견 의견거절,00144562,0
069470,제로원인터랙티브,20100503,감사의견 의견거절,00428792,0
035710,CL,20100501,감사범위제한으로 인한 감사의견거절,00259493,0
037110,JS,20100501,감사의견거절(감사범위제한),00246189,0
078670,아구스,20100501,감사의견거절(감사범위제한 및 계속기업 존속 불확실),00537443,0
020070,에버리소스,20100501,감사범위제한 및 계속기업존속능력에 대한 불확실성으로 인한 감사의견거절,00154727,0
076090,테이크시스템,20100423,감사의견거절(감사범위제한),00475532,0
002540,고제,20100423,감사의견 의견거절,00103325,0
045290,포네이처,20100423,사업보고서 법정제출기한 익일부터 10일이내 미제출,00263885,0
033190,폴켐,20100423,사업보고서 법정제출기한 익일부터 10일이내 미제출,00130204,0
053440,성우몰드,20100421,상장폐지신청('10.3.29),00208301,0
048130,에스피코프,20100420,최종부도 발생,00345499,0
038690,에이스일렉,20100417,감사의견거절(감사범위제한),00264556,0
033260,쌈지,20100417,최종부도 발생,00225140,0
001600,서광건설,20100415,자본전액잠식,00173397,0
004820,조인에너지,20100415,자본전액잠식,00174305,0
034660,제넥셀,20100415,감사범위제한으로 인한 감사의견 거절,00211271,0
017300,에이치비이에너지,20100415,자본전액잠식,00152631,0
065340,쓰리디월드,20100415,감사의견거절(감사범위제한),00388272,0
060670,유퍼트,20100413,자본전액잠식,00299686,0
046350,에듀아크,20100413,최근 3사업연도 연속 자기자본 대비 50% 초과 법인세 비용차감전계속사업손실 발생,00250775,0
015170,중앙바이오텍,20100413,자본전액잠식,00149877,0
032030,일공공일안경,20100413,자본전액잠식,00107358,0
008340,코레스,20100413,자본전액잠식,00133715,0
051810,모보,20100413,최근 3사업연도 연속 자기자본 50%초과 법인세비용차감전 계속사업손실 등,00347442,0
079560,모젬,20100413,최근 3사업연도 연속 자기자본 대비 50% 초과 법인세 비용차감전계속사업손실 발생,00481223,0
064060,사이노젠,20100413,자본전액잠식,00367376,0
045880,유티엑스,20100410,기업의 계속성 및 경영의 투명성 등을 종합적으로 고려하여 상장폐지가 필요하다고 인정,00344746,0
017050,스타맥스,20100405,"기업의 계속성, 경영의 투명성 또는 기타 코스닥시장의 건전성 등을 종합적으로 고려하여 상장폐지가 필요하다고 인정 ",00136554,0
054020,GK파워,20100403,최종부도,00349787,0
084810,아이알디,20100401,당해 코스닥시장상장법인의 계속성 및 경영의 투명성 등을 종합적으로 고려한 결과 상장폐지기준에 해당한다고 결정,00507257,0
017010,제너비오믹스,20100326,- 주된 영업이 정지되어 코스닥시장상장규정 제38조제2항제1호(삭제 ‘09.12.2)의 상장폐지기준 해당 / 기업의 계속성 및 경영의 투명성 등을 종합적으로 고려한 결과 코스닥시장상장규정 제38조제2항제5호라목(신설 ‘09.12.2)의 상장폐지기준 해당 ,00158839,0
008320,한국기술산업,20100311,감사의견 의견거절,00110176,0
015050,비전하이테크,20100309,"기업의 계속성, 경영의 투명성 또는 기타 코스닥시장의 건전성 등을 종합적으로 고려하여 상장폐지가 필요하다고 인정",00140919,0
056850,코어비트,20100309,"기업의 계속성, 경영의 투명성 또는 기타 코스닥시장의 건전성 등을 종합적으로 고려하여 상장폐지가 필요하다고 인정",00358095,0
041800,코디콤,20100309,"기업의 계속성, 경영의 투명성 또는 기타 코스닥시장의 건전성 등을 종합적으로 고려하여 상장폐지가 필요하다고 인정",00287724,0
078700,신지소프트,20100227,시가총액 40억원 미달,00477372,0
031960,동산진흥,20100220,"기업의 계속성, 경영의 투명성 또는 기타 코스닥시장의 건전성 등을 종합적으로 고려하여 상장폐지기준에 해당한다고 결정",00267775,0
067950,티이씨,20100220,당해 코스닥시장상장법인의 계속성 및 경영의 투명성 등을 종합적으로 고려한 결과 상장폐지기준에 해당한다고 결정,00394574,0
045400,이롬텍,20100211,"정기보고서 미제출로 관리종목 지정후 법정제출기한내 사업보고서 미제출, 2회 연속 정기주주총회 미개최 또는 재무제표 미승인, 자본전액잠식 ",00348140,0
037830,글로포스트,20100209,"기업의 계속성, 경영의 투명성 또는 기타 코스닥시장의 건전성 등을 종합적으로 고려하여 상장폐지가 필요하다고 인정",00261188,0
080140,디보스,20100202,자본잠식률 50%이상사유로 관리종목지정후 반기 감사의견 부적정,00441298,0
047940,비엔디,20100129,당해 코스닥시장상장법인의 계속성 및 경영의 투명성 등을 종합적으로 고려한 결과 상장폐지기준에 해당한다고 결정,00329084,0
037510,굿라이프10-MF,20100126,자본시장과금융투자업에관한법률 제202조제1항에 의한 해산사유에 해당하는 경우,00297970,0
062730,케너텍,20091223,회생절차폐지결정사유 및 당해 코스닥시장상장법인의 계속기업 가능성 유무를 고려한 결과  상장폐지기준에 해당한다고 결정,00372013,0
085680,모빌탑,20091125,"기업의 계속성, 경영의 투명성 또는 기타 코스닥시장의 건전성 등을 종합적으로 고려하여 상장폐지가 필요하다고 인정",00540021,0
036660,플러스프로핏,20091120,감사범위 제한에 따른 감사의견 거절,00259606,0
014420,프로비타,20091106,주된 영업의 정지에 의한 상장폐지기준 해당,00128953,0
051530,굿이엠지,20091103,주된 영업의 정지에 의한 상장폐지기준 해당,00300779,0
035010,소예,20091103,최근 사업연도의 재무제표에 대한 감사인의 감사의견거절,00134909,0
001950,남한제지,20091015,자본잠식(자본금의 50/100이상 잠식) 2년 계속,00107923,0
066850,아이드림,20091007,자본잠식률 50%이상으로 관리종목 지정 후 반기 재무제표에 대한 감사의견 거절,00397766,0
044770,에이엠에스,20091007,"자본전액잠식, 2반기 연속 자본잠식률 50%이상, 2반기 연속 자기자본 10억원 미만",00264103,0
052640,제네시스,20091007,"기업의 계속성, 경영의 투명성 또는 기타 코스닥시장의 건전성 등을 종합적으로 고려하여 상장폐지가 필요하다고 인정",00347840,0
073710,씨디네트웍스,20090923,상장폐지신청(2009.08.31),00493501,0
032570,카라반케이디이,20090918,발행한 어음 또는 수표가 주거래은행에 의하여 최종부도로 결정되거나 거래은행에 의한 거래 정지,00101442,0
058550,네오리소스,20090915,자본잠식률 50%이상 및 자기자본 10억원 미만으로 관리종목 지정 후 반기의 재무제표에 대한 감사의견 거절,00370547,0
054650,뉴젠비아이티,20090904,반기보고서 법정제출기한 익일부터 10일이내 반기검토(감사)보고서 미제출,00362380,0
033880,블루멈,20090904," - 2회연속 자본잠식률 50% 이상
  - 2009.3.31 자본잠식률 50% 이상으로 관리종목 지정 후,
  최근 반기의 재무제표에 대한 감사인의 감사의견 거절",00244862,0
035500,써니트렌드,20090904,"-2회연속 자본잠식률 50%이상
 -2회연속 자기자본 10억원미만
 -자본잠식률 50%이상 및 자기자본 10억원미만으로 관리종목 지정후 최근 반기 재무제표에 대한 외부감사인의 감사의견 의견거절",00255309,0
046320,MTRON,20090828,2회연속 자본잠식률 50%이상 및 자기자본 10억원 미만,00252588,0
035950,케이알,20090821,감사범위제한으로 인한 감사의견거절 및 계속기업 불확실성으로 인한 감사의견거절 사유해소 확인서 미제출,00242439,0
038830,케이엠에스,20090808,"기업의 계속성, 경영의 투명성 또는 기타 코스닥시장의 건전성 등을 종합적으로 고려하여 상장폐지가 필요하다고 인정",00271431,0
006210,휴리프,20090715,자본잠식(자본금의 50/100이상 잠식) 2년 계속,00142698,0
063280,사이버패스,20090708,"기업의 계속성, 경영의 투명성 또는 기타 코스닥시장의 건전성 등을 종합적으로 고려하여 상장폐지가 필요하다고 인정",00336570,0
031800,ST&I,20090701,"기업의 계속성, 경영의 투명성 또는 기타 코스닥시장의 건전성 등을 종합적으로 고려하여 상장폐지가 필요하다고 인정",00267997,0
052560,삼성수산,20090701,"기업의 계속성, 경영의 투명성 또는 기타 코스닥시장의 건전성 등을 종합적으로 고려하여 상장폐지가 필요하다고 인정",00339063,0
079340,하이럭스,20090624,"기업의 계속성, 경영의 투명성 또는 기타 코스닥시장의 건전성 등을 종합적으로 고려하여 상장폐지가 필요하다고 인정",00480844,0
036610,지디코프,20090617,"기업의 계속성, 경영의 투명성 또는 기타 코스닥시장의 건전성 등을 종합적으로 고려하여 상장폐지가 필요하다고 인정",00254009,0
036270,헤쎄나,20090617,"기업의 계속성, 경영의 투명성 또는 기타 코스닥시장의 건전성 등을 종합적으로 고려하여 상장폐지가 필요하다고 인정",00237260,0
039990,코아정보,20090610,"기업의 계속성, 경영의 투명성 또는 기타 코스닥시장의 건전성 등을 종합적으로 고려하여 상장폐지가 필요하다고 인정",00259855,0
053070,트리니티,20090603,"기업의 계속성, 경영의 투명성 또는 기타 코스닥시장의 건전성 등을 종합적으로 고려하여 상장폐지가 필요하다고 인정",00262044,0
038920,지이엔에프,20090529,"기업의 계속성, 경영의 투명성 또는 기타 코스닥시장의 건전성 등을 종합적으로 고려하여 상장폐지가 필요하다고 인정",00265342,0
040020,사라콤,20090527,자본전액잠식,00271413,0
059720,야호,20090527,감사의견거절(감사범위제한),00348007,0
033720,블루스톤,20090515,감사의견거절(계속기업으로서의 존속능력에 대한 불확실성),00257194,0
036790,자강,20090515,감사의견거절(계속기업 존속 불확실성),00256292,0
000790,C&상선,20090513,감사의견 의견거절,00134060,0
013200,C&우방,20090513,감사의견 의견거절,00142564,0
008400,C&중공업,20090513,감사의견 의견거절,00150226,0
006070,기린,20090513,감사의견 의견거절,00106508,0
001970,신성건설,20090513,감사의견 의견거절,00173661,0
009690,케이엠에이치,20090513,감사의견 의견거절,00159908,0
048270,포넷,20090504,자본전액잠식,00328854,0
003990,BHK,20090430,감사의견 의견거절,00136235,0
004230,세신,20090430,감사의견 의견거절,00133928,0
053170,코스모스피엘씨,20090430,자본전액잠식,00353683,0
036360,3SOFT,20090429,감사의견거절(감사범위제한),00260903,0
026230,IDH,20090429,감사범위 제한에 따른 감사의견 거절,00113632,0
080570,IC코퍼레이션,20090429,감사의견거절(감사범위제한),00508566,0
077960,케이이엔지,20090429,감사의견거절(감사범위제한),00451268,0
071360,나노하이텍,20090429,감사의견거절(감사범위제한),00252375,0
081500,엑스씨이,20090429,감사의견거절(감사범위제한),00535773,0
025460,팬텀엔터그룹,20090429,감사범위 제한에 따른 감사의견 거절,00197324,0
056020,쿨투,20090429,감사의견거절(감사범위제한),00364670,0
001190,마이크로닉스,20090427,공시서류 미제출(사업보고서) 후 10일이내 미제출,00112068,0
036280,뉴켐진스템셀,20090424,"기업의 계속성, 경영의 투명성 또는 기타 코스닥시장의 건전성 등을 종합적으로 고려하여 상장폐지가 필요하다고 인정",00188122,0
041310,모빌링크,20090423,자본전액잠식,00263991,0
052310,H1바이오,20090423,3회 연속 자기자본 50%초과 법인세비용차감전계속사업손실,00347363,0
036760,KNS홀딩스,20090423,"감사의견거절(감사범위제한), 법정제출기한까지 사업보고서를 제출하지 아니한 후 법정제출기한의 다음날부터 10일 이내에 사업보고서 미제출  ",00265218,0
038410,트라이콤,20090423,법정제출기한까지 사업보고서를 제출하지 아니한 후 법정제출기한의 다음날부터 10일 이내에 사업보고서 미제출,00261461,0
019640,희훈디앤지,20090423,자본전액잠식,00167378,0
076170,GBS,20090422,감사의견 의견거절,00471989,0
065910,PW제네틱스,20090418,감사의견거절(감사범위제한) ,00306986,0
007050,유리이에스,20090415,최종부도발생,00128731,0
073780,케이디세코,20090411,2회 연속 자본잠식률 50%이상,00321222,0
066200,이노블루,20090411,"2년연속 매출액 30억원 미달, 자본전액잠식",00361202,0
047370,에프아이투어,20090411,자본전액잠식,00325981,0
038810,포이보스,20090411,자본전액잠식,00264769,0
060550,우수씨엔에스,20090411,자본전액잠식,00360540,0
053890,미디어코프,20090411,자본전액잠식,00308948,0
079870,산양전기,20090411,자본전액잠식,00363325,0
016040,디에스피,20090411,자본전액잠식,00165565,0
078610,도움,20090411,자본전액잠식,00450728,0
005760,위너스인프라인,20090219,감사의견 의견거절,00165200,0
007640,HK저축은행,20090203,상장폐지신청(2009.01.12),00111014,0
072430,아이레보,20090203,상장폐지신청(2009.01.12),00451116,0
039060,아이비진,20081220,최종부도,00264839,0
050600,세라온,20080909,2회연속 자본잠식률 50%이상,00296069,0
060410,베스트플로우,20080825,2연속 자본잠식률 50%이상 및 자기자본 10억원 미만,00377814,0
034750,디씨씨,20080712,2분기 연속 거래실적부진사유 미해소,00255071,0
045760,한통데이타,20080613,감사의견거절(감사범위제한),00347619,0
060660,한도하이테크,20080503,감사의견거절(감사범위제한),00363033,0
044370,조이토토,20080503,감사의견거절(감사범위제한),00268482,0
033330,두림티앤씨,20080503,감사의견거절(감사범위제한),00119423,0
055970,에너윈,20080503,감사의견거절(감사범위제한),00364227,0
035270,청람디지탈,20080423,"법정제출기한까지 사업보고서를 제출하지 아니한 후
법정제출기한의 다음날부터 10일 이내에 사업보고서
미제출",00220552,0
057330,플래닛82,20080423,"최근 3사업연도 연속 자기자본 대비 50% 초과 법인세
비용차감전계속사업손실 발생",00301626,0
041940,한텔,20080423,2연속 자본잠식률 50% 이상,00294371,0
004530,SY,20080422,감사의견 의견거절,00151252,0
065810,UC아이콜스,20080417,"자본전액잠식, 2회연속 자본잠식률 50%이상, 2회연속 자기자본 10억원 미만",00257051,0
066330,시큐리티KOR,20080412,2연속 자본잠식률 50%이상 및 자기자본 10억원 미만,00405074,0
032590,엔토리노,20080412,자본전액잠식,00119733,0
042570,퓨쳐비젼,20080412,자본전액잠식,00288653,0
064720,모델라인,20080412,"자본전액잠식,최근3사업연도 연속
자기자본 대비 50%초과 법인세차감전계속사업손실",00368791,0
012460,우영,20080313,최종부도,00143013,0
015670,AP우주통신,20070912,감사의견 의견거절,00150183,0
038420,씨엔씨엔터,20070829,2회연속 자본잠식률 50% 이상 및 자기자본 10억원 미만,00234555,0
045310,이레전자산업,20070508,자본전액잠식,00303837,0
014900,삼보컴퓨터,20070425,자본전액잠식,00125929,0
025930,팬택,20070425,자본전액잠식,00207542,0
063350,팬택앤큐리텔,20070425,자본전액잠식,00375579,0
025830,한국합섬,20070425,감사의견 부적정,00160445,0
054790,제이엠피,20070424,감사의견거절,00234449,0
054440,엠텍반도체,20070413,자본전액잠식,00356644,0
054250,예일바이오텍,20070411,"감사의견거절, 자본전액잠식, 2년 연속 자본잠식률 50% 이상",00220446,0
037060,시큐어소프트,20070404,재감사보고서상 감사의견거절,00300256,0
048760,VK,20060722,최종부도,00275808,0
047420,레이더스컴퍼니,20060713,감사의견 범위제한 의견거절,00330017,0
016970,씨크롭,20060713,감사의견 의견거절,00140353,0
041500,대한바이오,20060425,2사업연도 연속 매출액 30억원 미달(상장폐지사유일 : 2006년 04월 10일),00291152,0
066480,휘튼,20060425,감사의견거절(상장폐지사유발생일 : 2006년 4월 10일),00371139,0
039110,에스피컴텍,20060415,2사업연도 연속 매출액 30억원 미달(상장폐지사유 발생일 : 2006년 03월 31일),00268181,0
056060,세니콘,20060408,감사범위제한으로 인한 의견거절(상장폐지사유 발생일 : 2006년 03월 27일),00305695,0
014010,인터피온반도체,20051228,감사의견 의견거절,00111591,0
019560,한국파트너스,20051224,상장폐지신청(2005.12.21),00162081,0
039870,피케이엘,20051109,상장폐지신청(2005.10.14),00222213,0
057110,아이티센,20051022,"최근사업연도말 현재 자본잠식률 100분의50이상의 사유로
관리종목지정된 후, 최근 반기말기준으로 감사의견거절 및
반기말 자본잠식률이 100분의 50 이상",00366164,0
021570,알루코,20051013,최종부도(상장폐지사유 발생일 : 2005년 09월 27일),00139418,0
038980,이지클럽,20050910,최근사업연도말 기준 자본잠식률 100분의 50이상의 사유로 관리종목지정 후 법정제출기한 다음날로부터 10일이내 반기보고서 미제출,00229827,0
055810,KTC텔레콤,20050813,최종부도(상장폐지사유 발생일 : 2005년 07월 29일),00367598,0
001580,신광기업,20050805,감사의견 의견거절,00135670,0
006250,극동전선,20050718,보통주 거래량요건 미충족(월평균거래량 1/100미만) 2분기 계속,00105165,0
042950,미래코리아1MF,20050604,존립기간의 만료,00318839,0
008030,아이텍스필,20050602,최종부도(상장폐지사유 발생일 : 2005년 05월 02일),00130000,0
032180,이수세라믹,20050525,상장폐지신청(2005.04.28),00145534,0
038960,현주컴퓨터,20050511,최종부도(상장폐지사유 발생일 : 2005년 04월 25일),00244330,0
002480,범양사,20050504,주식분산기준 미달 2년 연속,00122728,0
033220,남성알미늄,20050504,주식분산기준 미달 2년 연속,00107303,0
046810,KEPS,20050430,경상손실 및 시가총액 50억원 미달 2회 연속(상장폐지사유 발생일 : 2005년 4월 15일),00252658,0
030950,보진재,20050430,경상손실 및 시가총액 50억원 미달 2회 연속(상장폐지사유 발생일 : 2005년 4월 15일),00123514,0
009940,대아리드선,20050428,자본전액잠식,00110981,0
008120,모토조이,20050428,자본전액잠식,00124577,0
001670,경남모직,20050428,회사정리절차 법인의 상장적격성 불인정,00101275,0
044440,솔빛미디어,20050426,감사의견거절(상장폐지사유 발생일 : 2005년 04월 11일),00267669,0
032050,후야인포넷,20050426,자본전액잠식(상장폐지사유 발생일 : 2005년 04월 11일),00194372,0
036900,택산아이엔씨,20050423,감사의견거절,00154693,0
036820,BET,20050421,감사범위제한 한정(상장폐지사유 발생일 : 2005년 03월 21일),00248956,0
009890,맥슨텔레콤,20050421,자본전액잠식,00120960,0
032610,에스오케이,20050421,감사의견거절(상장폐지사유 발생일 : 2005년 04월 06일),00179832,0
049130,하우리,20050420,감사의견거절(상장폐지사유 발생일 : 2005년 03월 21일),00352000,0
009760,한국컴퓨터지주,20050419,보통주 주식분포요건 미충족(일반주주 주식수 10/100미만) 2년 계속,00159874,0
036590,케이엔티,20050416,자본전액잠식(상장폐지사유발생일 : 2005년 03월 31일),00325918,0
009360,베네데스하이텍,20050415,감사의견 의견거절,00151614,0
012250,셰프라인,20050415,감사의견 의견거절,00142591,0
006750,센추리,20050414,감사의견 의견거절,00101992,0
042960,창민테크,20050413,감사의견거절(상장폐지사유 발생일 : 2005년 03월 28일),00267021,0
054370,업필,20050412,감사의견거절(상장폐지사유 발생일 : 2005년 03월 26일),00358730,0
037220,넥스텔,20050409,최종부도(상장폐지사유 발생일 : 2005년 03월 24일),00265254,0
038100,아이엠아이티,20050408,감사의견거절(상장폐지사유 발생일 : 2005년 03월 23일),00260921,0
006150,한메NS,20050408,회사정리절차 개시 신청,00136217,0
018180,텔슨정보통신,20050407,감사의견거절(상장폐지사유 발생일 : 2005년 03월 22일),00153852,0
037650,성진산업,20050405,감사의견거절(상장폐지사유 발생일 : 2005년 03월 21일),00246815,0
056500,슈마일렉트론,20050405,감사의견거절(상장폐지사유 발생일 : 2005년 03월 22일),00350224,0
053250,엔에스아이,20050402,감사의견거절(상장폐지사유 발생일 : 2005년 03월 19일),00348052,0
036600,지니웍스,20050402,감사의견거절(상장폐지사유 발생일 : 2005년 03월 18일),00141440,0
036020,한아시스템,20050402,감사의견 부적정(상장폐지사유 발생일 : 2005년 03월 21일),00244932,0
036880,맥시스템,20050331,감사의견거절(상장폐지사유 발생일 : 2005년 03월 16일),00247762,0
054080,우주통신,20050330,감사의견거절(상장폐지사유 발생일 : 2005년 03월 15일,00236021,0
025690,동방라이텍,20050312,감사의견거절(상장폐지사유 발생일 : 2005년 02월 24일),00203458,0
037500,굿라이프5MF,20050224,간접투자자산운용업법 제110조(구 증권투자회사법 제64조)에 의한 해산사유발생,00277727,0
037640,대경테크노스,20050124,최종부도(등록취소사유발생일 : 2005년 1월 7일),00248053,0
035910,현대멀티캡,20050119,최종부도(등록취소사유발생일: 2005년 1월 4일),00258731,0
009220,그로웰전자,20050119,액면가액일정비율미만(취소사유발생일 : 2005년 01월 04일),00101637,0
035780,그로웰텔레콤,20050111,액면가액일정비율미만(취소사유발생일 : 2004년 12월 24일),00259916,0
005600,중앙제지,20050106,최종부도발생,00149840,0
