account_id,0
-표준계정코드 미사용-,7
dart_AccumulatedDepreciationBuildingsGross,110
dart_AccumulatedDepreciationConstructionInProgressGross,114
dart_AccumulatedDepreciationFinanceLeaseAssetGross,114
dart_AccumulatedDepreciationFittingGross,114
dart_AccumulatedDepreciationInvestmentProperty,114
dart_AccumulatedDepreciationMachineryGross,109
dart_AccumulatedDepreciationOfficeEquipmentGross,111
dart_AccumulatedDepreciationOtherPropertyPlantAndEquipmentGross,110
dart_AccumulatedDepreciationShipsGross,113
dart_AccumulatedDepreciationStructureGross,111
dart_AccumulatedDepreciationToolsAndEquipmentGross,112
dart_AccumulatedDepreciationVehiclesGross,109
dart_AccumulatedImpairmentLossBuildingsGross,112
dart_AccumulatedImpairmentLossConstructionInProgressGross,114
dart_AccumulatedImpairmentLossFinishedGoodsGross,110
dart_AccumulatedImpairmentLossFittingGross,114
dart_AccumulatedImpairmentLossMachineryGross,113
dart_AccumulatedImpairmentLossMerchandiseGross,113
dart_AccumulatedImpairmentLossOfficeEquipmentGross,114
dart_AccumulatedImpairmentLossOtherPropertyPlantAndEquipmentGross,112
dart_AccumulatedImpairmentLossRawMaterialsGross,112
dart_AccumulatedImpairmentLossSemiFinishedGoodsGross,114
dart_AccumulatedImpairmentLossShipsGross,113
dart_AccumulatedImpairmentLossStructureGross,113
dart_AccumulatedImpairmentLossSuppliesGross,114
dart_AccumulatedImpairmentLossToolsAndEquipmentGross,114
dart_AccumulatedImpairmentLossVehiclesGross,114
dart_AccumulatedImpairmentLossWorkInProgressGross,114
dart_AdjustmentsForGainsOnRevaluationOfPropertyPlantAndEquipment,114
dart_AdjustmentsForLossesFromDiscontinuedOperations,114
dart_AdjustmentsForOtherExpenseByFunction,114
dart_AdjustmentsForOtherRevenue,114
dart_AdjustmentsForShareBasedPayment,113
dart_AdvertisingExpenses,113
dart_AllowanceForDoubtfulAcccountLongTermLoansGross,113
dart_AllowanceForDoubtfulAcccountLongTermOtherReceivablesGross,114
dart_AllowanceForDoubtfulAcccountLongTermTradeReceivablesGross,114
dart_AllowanceForDoubtfulAcccountReceivablesOnConstructionContracts,114
dart_AllowanceForDoubtfulAcccountShortTermAccruedIncome,112
dart_AllowanceForDoubtfulAcccountShortTermAdvancePayments,111
dart_AllowanceForDoubtfulAcccountShortTermDueFromCustomersForContractWork,113
dart_AllowanceForDoubtfulAcccountShortTermLoans,111
dart_AllowanceForDoubtfulAcccountShortTermLoansAndReceivables,114
dart_AllowanceForDoubtfulAcccountShortTermOtherReceivables,108
dart_AllowanceForDoubtfulAcccountShortTermPrepaidExpenses,114
dart_AllowanceForDoubtfulAcccountShortTermTradeReceivable,109
dart_AllowanceForOtherDoubtfulAccounts,112
dart_AmortisationExpense,112
dart_AppropriationTransferReservationOfRetainedEarnings,109
dart_BadDebtExpenses,112
dart_BondWithWarrant,111
dart_BondsIssued,110
dart_BondsIssuedNominalValue,114
dart_BonusIssue,108
dart_BuildingsGross,110
dart_CapitalSurplus,39
dart_ChangesInConsolidatedCompanies,82
dart_ChangesInForeignExchangeRates,97
dart_ChangesInReserveOfGainsAndLossesFromInvestmentsInEquityInstruments,114
dart_ChangesInReserveOfGainsAndLossesOnFinancialAssetsMeasuredAtFairValueThroughOtherComprehensiveIncome,92
dart_Commissions,111
dart_CommunicationExpenses,112
dart_CompoundFinancialInstrumentConversion,94
dart_CompoundFinancialInstrumentIssue,105
dart_CompoundFinancialInstrumentRedemption,107
dart_ComprehensiveIncomeForStatementOfChangesInEquity,112
dart_ComprehensiveIncomeGainsLossesEquityMethodSecurities,114
dart_ComputerSoftwareGross,110
dart_ConsiderationConversionRightsCapitalSurplus,112
dart_ConsiderationStockWarrantsCapitalSurplus,114
dart_ConstructionInProgressGross,110
dart_ContributedEquity,102
dart_ConversionRightsAdjustmentOfConvertibleBonds,114
dart_ConvertibleBonds,94
dart_ConvertibleRedeemablePreferredStockLiabilities,114
dart_CopyrightsPatentsAndOtherIndustrialPropertyRightsServiceAndOperatingRightsGross,110
dart_CostOfSalesFromConstructionContracts,113
dart_CostOfSalesFromDividends,114
dart_CostOfSalesFromInterest,114
dart_CostOfSalesFromRenderingOfServices,112
dart_CostOfSalesFromRenderingOfServicesCommission,113
dart_CostOfSalesFromRenderingOfServicesMaintenance,113
dart_CostOfSalesFromRenderingOfServicesRental,113
dart_CostOfSalesFromRenderingOfServicesTransportation,114
dart_CostOfSalesFromRoyalties,114
dart_CostOfSalesFromSaleOfGoods,110
dart_CostOfSalesFromSaleOfGoodsMerchandises,112
dart_CostOfSalesFromSaleOfGoodsProduct,111
dart_CostOfSalesFromServices,112
dart_CurentPortionOfFinanceLeaseLiabilities,110
dart_CurrentAvailableForSaleFinancialAssets,113
dart_CurrentDerivativeAsset,107
dart_CurrentDerivativeLiabilities,92
dart_CurrentFinanceLeaseReceivables,111
dart_CurrentFinancialAssetDesignationAsAtFairValueThroughProfitOrLoss,114
dart_CurrentFinancialAssetsHeldToMaturity,114
dart_CurrentFirmCommitmentLiabilities,114
dart_CurrentPortionOfBondWithWarrant,103
dart_CurrentPortionOfBonds,102
dart_CurrentPortionOfConvertibleBonds,61
dart_CurrentPortionOfConvertibleRedeemablePreferredStockLiabilities,110
dart_CurrentPortionOfExchangeableBond,114
dart_CurrentProvisionsForProductWarranties,114
dart_CurrentValueAddedTaxPayables,114
dart_CurrentValueAddedTaxReceivables,111
dart_CurrentWorkoutPayables,114
dart_CurrentWorkoutReceivable,114
dart_DebtForEquitySwaps,105
dart_DepreciationExpense,111
dart_DerivativeLiabilitiesBeforeCreditRiskAdjustment,114
dart_DiscountOnConvertibleBonds,114
dart_DividendIncome,113
dart_DividendfromFinancialGuaranteeContract,114
dart_Donations,112
dart_ElectricPowerExpense,114
dart_ElementsOfOtherStockholdersEquity,23
dart_EmployeeBenefits,110
dart_EntertainmentExpenses,111
dart_EquityAtBeginningOfPeriod,0
dart_ExchangeableBonds,114
dart_ExportOverallExpense,114
dart_FairValueOfPlanAssets,113
dart_FinanceLeaseAssetGross,114
dart_FinishedGoodsGross,110
dart_FittingGross,114
dart_FreightExpenses,111
dart_GainOnExemptionOfDebts,114
dart_GainOnForeignExchangeTranslations,110
dart_GainOnValuationOfAvailableForSaleFinancialAssets,114
dart_GainsCapitalReduction,112
dart_GainsCumulativeEffectForeignCurrencyTranslation,114
dart_GainsForeignCurrencyTransactions,110
dart_GainsFromCommission,114
dart_GainsLossesOnActuarialValuation,110
dart_GainsOnDisposalsOfAvailableForSaleFinancialAssets,114
dart_GainsOnDisposalsOfHeldForTradingFinancialAssetsFinancialIncome,114
dart_GainsOnDisposalsOfPropertyPlantAndEquipment,110
dart_GainsOnForeignExchangeTranslationsFinancialIncome,113
dart_GainsOnReimbursementOrCompensation,114
dart_GainsOnSaleOfInvestmentsInAssociates,114
dart_GainsOnTransactionOfForeignExchangeForwardFinancialIncome,114
dart_GainsOnValuationOfForeignExchangeForwardFinancialIncome,114
dart_GainsOnValuationOfLongTermFinancialInstruments,114
dart_GainsSaleTreasuryStock,114
dart_GainsValuationAvailableForSaleFinancialAssets,113
dart_GoodsInTransitGross,113
dart_GoodwillGross,106
dart_GovernmentGrantsBuildingsGross,114
dart_GovernmentGrantsCashAndCashEquivalentsGross,114
dart_GovernmentGrantsCurrentBiologicalAssetsGross,114
dart_GovernmentGrantsIntangibleAssetsUnderDevelopmentGross,114
dart_GovernmentGrantsMachineryGross,111
dart_GovernmentGrantsOfficeEquipmentGross,114
dart_GovernmentGrantsOtherIntangibleAssetsGross,114
dart_GovernmentGrantsOtherPropertyPlantAndEquipmentGross,114
dart_GovernmentGrantsStructureGross,114
dart_GovernmentGrantsToolsAndEquipmentGross,114
dart_ImpairmentLossesOnAssociates,114
dart_ImpairmentLossesOnAvailableForSaleFinancialAssetsFinancialExpense,114
dart_ImpairmentLossesOnIntangibleAssets,112
dart_IncreaseDecreaseThroughBusinessCombinations,113
dart_IncreaseDecreaseThroughChangesInAccountingPolicies,114
dart_IncreaseDecreaseThroughConsolidatedTaxPayment,114
dart_IncreaseDecreaseThroughCorrectionsOfErrors,114
dart_InsurancePremiums,111
dart_IntangibleAssetsUnderDevelopmentGross,114
dart_InterestExpenseFinanceExpense,111
dart_InterestIncomeFinanceIncome,109
dart_InvestedAssetForPostemploymentBenefit,109
dart_IssuedCapitalOfCommonStock,103
dart_IssuedCapitalOfPreferredStock,113
dart_LandGross,110
dart_LandUseRightGross,114
dart_LeaseholdDeposits,113
dart_LegalReserve,113
dart_LicencesAndFranchisesGross,114
dart_LongTermAdvancePaymentsGross,113
dart_LongTermAdvancesCustomers,113
dart_LongTermBorrowingsGross,42
dart_LongTermDepositsNotClassifiedAsCashEquivalents,75
dart_LongTermDepositsProvidedGross,110
dart_LongTermDueFromCustomersForContractWork,114
dart_LongTermFinancialInstruments,114
dart_LongTermGuaranteeDepositRentGross,108
dart_LongTermGuaranteeDepositWithholdingsNet,114
dart_LongTermIncomeReceivedInAdvance,114
dart_LongTermLeaseholdDeposits,111
dart_LongTermLoansAndReceivablesGross,114
dart_LongTermLoansGross,108
dart_LongTermOtherGuaranteeDepositReceivedGross,114
dart_LongTermOtherPayablesGross,106
dart_LongTermOtherReceivablesGross,113
dart_LongTermPrepaidExpenses,112
dart_LongTermTradeAndOtherNonCurrentPayables,81
dart_LongTermTradeAndOtherNonCurrentReceivablesGross,62
dart_LongTermTradeReceivablesGross,109
dart_LossOnForeignExchangeTranslations,110
dart_LossValuationAvailableForSaleFinancialAssets,114
dart_LossesCumulativeEffectForeignCurrencyTranslation,113
dart_LossesForeignCurrencyTransactions,110
dart_LossesFromRedemptionOfBonds,114
dart_LossesOfAssociatesAndJointVenturesAccountedForUsingEquityMethod,112
dart_LossesOnDisposalsOfAvailableForSaleFinancialAssetsFinancialExpense,114
dart_LossesOnDisposalsOfInvestments,114
dart_LossesOnDisposalsOfPropertyPlantAndEquipment,109
dart_LossesOnForeignExchangeTranslationsFinancialExpense,113
dart_LossesOnSaleOfInvestmentsInAssociates,114
dart_LossesOnValuationOfForeignExchangeForwardFiancialExpense,114
dart_LossesOnValuationOfLongTermFinancialInstruments,114
dart_LossesSaleTreasuryStock,113
dart_MachineryGross,109
dart_MembershipExpenses,114
dart_MerchandiseGross,110
dart_MiscellaneousExpenses,113
dart_MiscellaneousIncome,108
dart_MiscellaneousLosses,108
dart_NonCurrentAvailableForSaleFinancialAssets,102
dart_NonCurrentDerivativeAssets,113
dart_NonCurrentDerivativeLiabilities,112
dart_NonCurrentFairValueFinancialAsset,112
dart_NonCurrentFinanceLeaseLiabilities,111
dart_NonCurrentFinancialAssetsHeldToMaturity,114
dart_NonCurrentFinancialGuaranteeLiabilities,114
dart_NonCurrentFirmCommitmentLiabilities,114
dart_NonCurrentProvisionForConstructionLosses,114
dart_NonCurrentProvisionsForConstructionWarranties,111
dart_NonCurrentProvisionsForProductWarranties,114
dart_NonCurrentProvisionsForReturnedGoods,114
dart_NonCurrentWorkoutPayables,114
dart_NonOperatingProfitLoss,114
dart_NoncurrentFinanceLeaseReceivable,114
dart_OfficeEquipmentGross,111
dart_OperatingIncomeLoss,0
dart_OrdinaryDevelopmentExpense,112
dart_OtherCapitalAdjustments,106
dart_OtherCapitalSurplus,110
dart_OtherComprehensiveIncomeForStatementOfChangesInEquity,90
dart_OtherComprehensiveIncomeGainsLossesOnRevaluation,114
dart_OtherComprehensiveIncomeLossAccumulatedAmount,53
dart_OtherComprehensiveIncomeNetOfTaxChangeInFairValueOfFinancialAssetsMeasuredAtFairValueThroughOtherComprehensiveIncome,114
dart_OtherComprehensiveIncomeNetOfTaxGainsLossesOnRemeasurementsOfDefinedBenefitPlans,79
dart_OtherComprehensiveIncomeThatWillBeReclassifiedToProfitOrLossNetOfTax,74
dart_OtherComprehensiveIncomeThatWillNotBeReclassifiedToProfitOrLossNetOfTax,67
dart_OtherCostOfSales,112
dart_OtherCurrentAssets,48
dart_OtherCurrentLiabilities,48
dart_OtherFinancialIncome,114
dart_OtherGains,9
dart_OtherIntangibleAssetsGross,99
dart_OtherLosses,12
dart_OtherNonCurrentAssets,74
dart_OtherNonCurrentLiabilities,92
dart_OtherPropertyPlantAndEquipmentGross,110
dart_OtherReversalsOfProvisions,114
dart_OtherTransactions,95
dart_PackingExpenses,114
dart_PaymentForConsolidatedCapitalTransactions,114
dart_PaymentsOfIncomeTaxesPayable,109
dart_PostemploymentBenefitObligations,50
dart_PresentValueDiscountsLongTermGuaranteeDepositRentGross,114
dart_PresentValueDiscountsLongTermOtherReceivablesGross,114
dart_PresentValueDiscountsLongTermTradeReceivablesGross,114
dart_PresentValueOfDefinedBenefitObligation,105
dart_ProceedsFromExerciseOfShareOptions,114
dart_ProceedsFromPaidinCapitalIncrease,114
dart_ProceedsFromSalesOfFinancialAssetsAtFairValueThroughOtherComprehensiveIncome,114
dart_ProfitsOfAssociatesAndJointVenturesAccountedForUsingEquityMethod,114
dart_ProvisionForSeveranceIndemnities,112
dart_PublicationExpenses,112
dart_PurchaseDisposalsOfOddShares,113
dart_PurchaseDispostionOfAssociatesOrJointVenture,108
dart_RawMaterialsGross,111
dart_ReceivablesOnConstructionContracts,114
dart_ReclassificationAdjustments,106
dart_RedemptionPremiumOnConvertibleBonds,114
dart_RentalExpenses,111
dart_RepairExpenses,112
dart_RetainedEarningsBeforeAppropriationsAccumulatedDeficitBeforeDisposition,107
dart_RevenueFromRenderingOfServicesRental,113
dart_RevenueFromSaleOfGoodsMerchandise,111
dart_RevenueFromSaleOfGoodsProduct,110
dart_RevenueFromServices,114
dart_ReversalsOfAllowanceForOtherDoubtfulAccounts,114
dart_SalariesWages,111
dart_SemiFinishedGoodsGross,114
dart_ShareBasedPaymentTransactions,101
dart_ShareOfOtherComprehensiveIncomeOfAssociatesAndJointVenturesAccountedForUsingEquityMethodThatWillBeReclassifiedToProfitOrLossNetOfTax,100
dart_ShareOfOtherComprehensiveIncomeOfAssociatesAndJointVenturesAccountedForUsingEquityMethodThatWillNotBeReclassifiedToProfitOrLossNetOfTax,109
dart_ShareOfRetainedEarningsOfAssociatesAndJointVenturesAccountedForUsingEquityMethod,114
dart_ShipsGross,113
dart_ShortTermAccruedExpenses,102
dart_ShortTermAccruedIncome,104
dart_ShortTermAdvancePayments,108
dart_ShortTermAdvancesCustomers,106
dart_ShortTermBorrowings,100
dart_ShortTermDepositsNotClassifiedAsCashEquivalents,76
dart_ShortTermDepositsProvided,114
dart_ShortTermDueFromCustomersForContractWork,111
dart_ShortTermDueToCustomersForContractWork,112
dart_ShortTermFinancialInstrumentsGross,114
dart_ShortTermGuaranteeDepositRent,113
dart_ShortTermGuaranteeDepositWithholdings,113
dart_ShortTermIncomeReceivedInAdvance,113
dart_ShortTermLoans,106
dart_ShortTermLoansAndReceivables,114
dart_ShortTermOtherGuaranteeDepositReceived,114
dart_ShortTermOtherPayables,95
dart_ShortTermOtherReceivables,103
dart_ShortTermPrepaidConstructionCosts,114
dart_ShortTermPrepaidExpenses,107
dart_ShortTermTradePayables,84
dart_ShortTermTradeReceivable,73
dart_ShortTermWithholdings,107
dart_StockDividends,114
dart_StockOptions,111
dart_StockRedemption,110
dart_StockRedemptionWithoutRefund,92
dart_StructureGross,111
dart_SubscriptionOnNewStocks,111
dart_SuppliesGross,112
dart_SupplyExpenses,112
dart_TaxesDues,111
dart_ToolsAndEquipmentGross,112
dart_TotalSellingGeneralAdministrativeExpenses,4
dart_TrainingExpenses,111
dart_TravelExpenses,111
dart_TreasuryShareTransactions,86
dart_UtilityExpenses,112
dart_VehicleMaintenanceExpenses,111
dart_VehiclesGross,109
dart_VoluntaryReserves,113
dart_WorkInProgressGross,112
dart_WritedownsOfPropertyPlantAndEquipment,113
ifrs-full_ActuarialGainsLossesArisingFromChangesInFinancialAssumptionsNetOfTaxDefinedBenefitPlans,114
ifrs-full_ActuarialGainsLossesArisingFromExperienceAdjustmentsNetOfTaxDefinedBenefitPlans,113
ifrs-full_AdjustmentsForUndistributedProfitsOfInvestmentsAccountedForUsingEquityMethod,114
ifrs-full_AmountRemovedFromReserveOfChangeInValueOfForwardElementsOfForwardContractsAndIncludedInInitialCostOrOtherCarryingAmountOfNonfinancialAssetLiabilityOrFirmCommitmentForWhichFairValueHedgeAccountingIsApplied,114
ifrs-full_Assets,32
ifrs-full_BasicEarningsLossPerShare,41
ifrs-full_BasicEarningsLossPerShareFromContinuingOperations,98
ifrs-full_BasicEarningsLossPerShareFromDiscontinuedOperations,101
ifrs-full_BondsIssued,114
ifrs-full_CashAndCashEquivalents,32
ifrs-full_ChangesInEquity,105
ifrs-full_ComprehensiveIncome,35
ifrs-full_ComprehensiveIncomeAttributableToNoncontrollingInterests,64
ifrs-full_ComprehensiveIncomeAttributableToOwnersOfParent,56
ifrs-full_ContractAssets,114
ifrs-full_CostOfMerchandiseSold,113
ifrs-full_CostOfSales,34
ifrs-full_CurrentAssets,34
ifrs-full_CurrentBorrowingsAndCurrentPortionOfNoncurrentBorrowings,114
ifrs-full_CurrentContractAssets,103
ifrs-full_CurrentContractLiabilities,99
ifrs-full_CurrentFinanceLeaseReceivables,113
ifrs-full_CurrentFinancialAssetsAtAmortisedCost,112
ifrs-full_CurrentFinancialAssetsAtFairValueThroughProfitOrLossDesignatedUponInitialRecognition,109
ifrs-full_CurrentFinancialAssetsAtFairValueThroughProfitOrLossMandatorilyMeasuredAtFairValue,109
ifrs-full_CurrentFinancialAssetsMeasuredAtFairValueThroughOtherComprehensiveIncome,112
ifrs-full_CurrentFinancialLiabilitiesAtFairValueThroughProfitOrLossDesignatedUponInitialRecognition,113
ifrs-full_CurrentLeaseLiabilities,78
ifrs-full_CurrentLiabilities,34
ifrs-full_CurrentPortionOfLongtermBorrowings,89
ifrs-full_CurrentProvisions,87
ifrs-full_CurrentRefundsProvision,114
ifrs-full_CurrentTaxAssets,54
ifrs-full_CurrentTaxLiabilities,83
ifrs-full_DeferredIncomeIncludingContractLiabilities,114
ifrs-full_DeferredTaxAssets,82
ifrs-full_DeferredTaxLiabilities,76
ifrs-full_DilutedEarningsLossPerShare,56
ifrs-full_DilutedEarningsLossPerShareFromContinuingOperations,105
ifrs-full_DilutedEarningsLossPerShareFromDiscontinuedOperations,106
ifrs-full_DividendsPaid,106
ifrs-full_DividendsPayable,113
ifrs-full_Equity,32
ifrs-full_EquityAndLiabilities,33
ifrs-full_EquityAttributableToOwnersOfParent,48
ifrs-full_EstimateOfBenefitPaymentsExpectedToBePaidFromDefinedBenefitPlan,114
ifrs-full_FinanceCosts,37
ifrs-full_FinanceIncome,34
ifrs-full_FinancialAssetsAtFairValueThroughOtherComprehensiveIncome,114
ifrs-full_FinancialAssetsAtFairValueThroughProfitOrLoss,113
ifrs-full_GainLossOnRemeasurementOfNetDefinedBenefitLiabilityAsset,114
ifrs-full_GainsLossesOnExchangeDifferencesOnTranslationBeforeTax,114
ifrs-full_GainsLossesOnExchangeDifferencesOnTranslationNetOfTax,86
ifrs-full_GainsLossesOnFinancialAssetsMeasuredAtFairValueThroughOtherComprehensiveIncomeNetOfTax,114
ifrs-full_GainsLossesOnRemeasuringAvailableforsaleFinancialAssetsNetOfTax,109
ifrs-full_GrossProfit,35
ifrs-full_HedgedItemLiabilities,114
ifrs-full_IncomeFromContinuingOperationsAttributableToOwnersOfParent,114
ifrs-full_IncomeFromDiscontinuedOperationsAttributableToOwnersOfParent,114
ifrs-full_IncomeTaxExpenseContinuingOperations,44
ifrs-full_IncreaseDecreaseThroughChangesInAccountingPolicies,98
ifrs-full_IncreaseDecreaseThroughChangesInOwnershipInterestsInSubsidiariesThatDoNotResultInLossOfControl,99
ifrs-full_IncreaseDecreaseThroughConversionOfConvertibleInstruments,114
ifrs-full_IncreaseDecreaseThroughCorrectionsOfErrors,104
ifrs-full_IncreaseDecreaseThroughSharebasedPaymentTransactions,111
ifrs-full_IncreaseDecreaseThroughTransfersAndOtherChangesEquity,103
ifrs-full_IntangibleAssetsOtherThanGoodwill,48
ifrs-full_Inventories,38
ifrs-full_InvestmentAccountedForUsingEquityMethod,112
ifrs-full_InvestmentProperty,83
ifrs-full_InvestmentsInAssociates,97
ifrs-full_InvestmentsInSubsidiaries,111
ifrs-full_InvestmentsInSubsidiariesJointVenturesAndAssociates,93
ifrs-full_IssueOfEquity,75
ifrs-full_IssuedCapital,35
ifrs-full_LeaseLiabilities,114
ifrs-full_Liabilities,32
ifrs-full_LiabilitiesIncludedInDisposalGroupsClassifiedAsHeldForSale,108
ifrs-full_LongtermProvisionForDecommissioningRestorationAndRehabilitationCosts,113
ifrs-full_NoncontrollingInterests,61
ifrs-full_NoncurrentAssets,34
ifrs-full_NoncurrentAssetsOrDisposalGroupsClassifiedAsHeldForSale,114
ifrs-full_NoncurrentAssetsOrDisposalGroupsClassifiedAsHeldForSaleOrAsHeldForDistributionToOwners,96
ifrs-full_NoncurrentContractAssets,114
ifrs-full_NoncurrentContractLiabilities,111
ifrs-full_NoncurrentFinanceLeaseReceivables,114
ifrs-full_NoncurrentFinancialAssetsAtAmortisedCost,113
ifrs-full_NoncurrentFinancialAssetsAtFairValueThroughProfitOrLossDesignatedUponInitialRecognition,108
ifrs-full_NoncurrentFinancialAssetsAtFairValueThroughProfitOrLossMandatorilyMeasuredAtFairValue,110
ifrs-full_NoncurrentFinancialAssetsMeasuredAtFairValueThroughOtherComprehensiveIncome,95
ifrs-full_NoncurrentFinancialLiabilitiesAtFairValueThroughProfitOrLossDesignatedUponInitialRecognition,114
ifrs-full_NoncurrentLeaseLiabilities,79
ifrs-full_NoncurrentLiabilities,36
ifrs-full_NoncurrentProvisions,96
ifrs-full_NoncurrentProvisionsForEmployeeBenefits,111
ifrs-full_NoncurrentRecognisedLiabilitiesDefinedBenefitPlan,114
ifrs-full_OperatingExpense,114
ifrs-full_OtherComprehensiveIncome,37
ifrs-full_OtherComprehensiveIncomeBeforeTaxGainsLossesOnRemeasurementsOfDefinedBenefitPlans,114
ifrs-full_OtherComprehensiveIncomeNetOfTaxGainsLossesFromInvestmentsInEquityInstruments,105
ifrs-full_OtherComprehensiveIncomeNetOfTaxGainsLossesOnRemeasurementsOfDefinedBenefitPlans,105
ifrs-full_OtherComprehensiveIncomeNetOfTaxGainsLossesOnRevaluation,101
ifrs-full_OtherComprehensiveIncomeThatWillBeReclassifiedToProfitOrLossNetOfTax,101
ifrs-full_OtherComprehensiveIncomeThatWillNotBeReclassifiedToProfitOrLossNetOfTax,100
ifrs-full_OtherCurrentAssets,93
ifrs-full_OtherCurrentFinancialAssets,65
ifrs-full_OtherCurrentFinancialLiabilities,74
ifrs-full_OtherCurrentLiabilities,94
ifrs-full_OtherFinanceCost,114
ifrs-full_OtherFinancialLiabilities,114
ifrs-full_OtherIncomeExpenseFromSubsidiariesJointlyControlledEntitiesAndAssociates,114
ifrs-full_OtherNoncurrentAssets,102
ifrs-full_OtherNoncurrentFinancialAssets,61
ifrs-full_OtherNoncurrentFinancialLiabilities,76
ifrs-full_OtherNoncurrentLiabilities,110
ifrs-full_OtherNoncurrentReceivables,114
ifrs-full_OtherRevenue,113
ifrs-full_OtherReversalsOfProvisions,114
ifrs-full_ProfitLoss,32
ifrs-full_ProfitLossAttributableToNoncontrollingInterests,65
ifrs-full_ProfitLossAttributableToOwnersOfParent,58
ifrs-full_ProfitLossBeforeTax,33
ifrs-full_ProfitLossFromContinuingOperations,81
ifrs-full_ProfitLossFromContinuingOperationsAttributableToNoncontrollingInterests,114
ifrs-full_ProfitLossFromDiscontinuedOperations,84
ifrs-full_ProfitLossFromDiscontinuedOperationsAttributableToNoncontrollingInterests,114
ifrs-full_PropertyPlantAndEquipment,33
ifrs-full_ProvisionForDecommissioningRestorationAndRehabilitationCosts,114
ifrs-full_Provisions,114
ifrs-full_ReclassificationAdjustmentsOnExchangeDifferencesOnTranslationNetOfTax,113
ifrs-full_RetainedEarnings,33
ifrs-full_Revenue,33
ifrs-full_RevenueFromDividends,114
ifrs-full_RevenueFromInterest,114
ifrs-full_RevenueFromSaleOfGoods,113
ifrs-full_RightofuseAssets,87
ifrs-full_ShareOfOtherComprehensiveIncomeOfAssociatesAndJointVenturesAccountedForUsingEquityMethod,112
ifrs-full_ShareOfOtherComprehensiveIncomeOfAssociatesAndJointVenturesAccountedForUsingEquityMethodThatWillBeReclassifiedToProfitOrLossNetOfTax,109
ifrs-full_ShareOfOtherComprehensiveIncomeOfAssociatesAndJointVenturesAccountedForUsingEquityMethodThatWillNotBeReclassifiedToProfitOrLossBeforeTax,114
ifrs-full_ShareOfOtherComprehensiveIncomeOfAssociatesAndJointVenturesAccountedForUsingEquityMethodThatWillNotBeReclassifiedToProfitOrLossNetOfTax,114
ifrs-full_SharePremium,103
ifrs-full_ShorttermBorrowings,48
ifrs-full_ShorttermDepositsNotClassifiedAsCashEquivalents,105
ifrs-full_ShorttermLegalProceedingsProvision,114
ifrs-full_ShorttermMiscellaneousOtherProvisions,112
ifrs-full_TradeAndOtherCurrentPayables,53
ifrs-full_TradeAndOtherCurrentReceivables,65
ifrs-full_TreasuryShares,108
ifrs_AdministrativeExpense,113
ifrs_AmountRemovedFromReserveOfCashFlowHedgesAndIncludedInInitialCostOrOtherCarryingAmountOfNonfinancialAssetLiabilityOrFirmCommitmentForWhichFairValueHedgeAccountingIsApplied,114
ifrs_Assets,83
ifrs_BalancesWithBanks,114
ifrs_BasicEarningsLossPerShare,91
ifrs_BasicEarningsLossPerShareFromContinuingOperations,107
ifrs_BasicEarningsLossPerShareFromDiscontinuedOperations,108
ifrs_Cash,112
ifrs_CashAndCashEquivalents,84
ifrs_CashEquivalents,112
ifrs_CashOnHand,114
ifrs_ChangesInEquity,111
ifrs_ComprehensiveIncome,87
ifrs_ComprehensiveIncomeAttributableToNoncontrollingInterests,102
ifrs_ComprehensiveIncomeAttributableToOwnersOfParent,97
ifrs_CostOfSales,83
ifrs_CurrentAssets,83
ifrs_CurrentContractAssets,114
ifrs_CurrentContractLiabilities,114
ifrs_CurrentFinancialAssetsAtFairValueThroughProfitOrLossDesignatedUponInitialRecognition,114
ifrs_CurrentLiabilities,83
ifrs_CurrentPortionOfLongtermBorrowings,108
ifrs_CurrentProvisions,107
ifrs_CurrentTaxAssets,92
ifrs_CurrentTaxLiabilities,100
ifrs_DeferredTaxAssets,99
ifrs_DeferredTaxLiabilities,101
ifrs_DifferenceBetweenCarryingAmountOfNoncashAssetsDistributedAndCarryingAmountOfDividendsPayable,114
ifrs_DilutedEarningsLossPerShare,101
ifrs_DilutedEarningsLossPerShareFromContinuingOperations,110
ifrs_DilutedEarningsLossPerShareFromDiscontinuedOperations,110
ifrs_DividendsPaid,111
ifrs_DividendsPayable,114
ifrs_Equity,83
ifrs_EquityAndLiabilities,83
ifrs_EquityAttributableToOwnersOfParent,94
ifrs_FinanceCosts,85
ifrs_FinanceIncome,84
ifrs_GainsArisingFromDerecognitionOfFinancialAssetsMeasuredAtAmortisedCost,114
ifrs_GainsLossesOnCashFlowHedgesNetOfTax,114
ifrs_GainsLossesOnExchangeDifferencesOnTranslationNetOfTax,110
ifrs_GainsLossesOnFinancialAssetsMeasuredAtFairValueThroughOtherComprehensiveIncomeNetOfTax,114
ifrs_GainsLossesOnNetMonetaryPosition,113
ifrs_GainsLossesOnRemeasuringAvailableforsaleFinancialAssetsNetOfTax,107
ifrs_GrossProfit,83
ifrs_IncomeTaxExpenseContinuingOperations,85
ifrs_IncreaseDecreaseThroughChangesInAccountingPolicies,113
ifrs_IncreaseDecreaseThroughChangesInOwnershipInterestsInSubsidiariesThatDoNotResultInLossOfControl,111
ifrs_IncreaseDecreaseThroughCorrectionsOfErrors,113
ifrs_IncreaseDecreaseThroughOtherContributionsByOwners,113
ifrs_IncreaseDecreaseThroughTransfersAndOtherChangesEquity,108
ifrs_IncreaseDecreaseThroughTreasuryShareTransactions,112
ifrs_IntangibleAssetsOtherThanGoodwill,92
ifrs_Inventories,84
ifrs_InvestmentAccountedForUsingEquityMethod,110
ifrs_InvestmentProperty,94
ifrs_InvestmentsInAssociates,112
ifrs_InvestmentsInJointVentures,114
ifrs_InvestmentsInSubsidiaries,114
ifrs_InvestmentsInSubsidiariesJointVenturesAndAssociates,113
ifrs_IssueOfEquity,100
ifrs_IssuedCapital,95
ifrs_Liabilities,83
ifrs_LiabilitiesIncludedInDisposalGroupsClassifiedAsHeldForSale,112
ifrs_LongtermMiscellaneousOtherProvisions,113
ifrs_LossesArisingFromDerecognitionOfFinancialAssetsMeasuredAtAmortisedCost,114
ifrs_NoncontrollingInterests,95
ifrs_NoncurrentAssets,83
ifrs_NoncurrentAssetsOrDisposalGroupsClassifiedAsHeldForSaleOrAsHeldForDistributionToOwners,111
ifrs_NoncurrentFinancialAssetsAtFairValueThroughProfitOrLossMandatorilyMeasuredAtFairValue,114
ifrs_NoncurrentFinancialAssetsMeasuredAtFairValueThroughOtherComprehensiveIncome,114
ifrs_NoncurrentLiabilities,83
ifrs_NoncurrentPayables,113
ifrs_NoncurrentProvisions,110
ifrs_OtherComprehensiveIncome,89
ifrs_OtherComprehensiveIncomeNetOfTaxActuarialGainsLossesOnDefinedBenefitPlans,108
ifrs_OtherComprehensiveIncomeNetOfTaxAvailableforsaleFinancialAssets,111
ifrs_OtherComprehensiveIncomeNetOfTaxCashFlowHedges,114
ifrs_OtherComprehensiveIncomeNetOfTaxExchangeDifferencesOnTranslation,111
ifrs_OtherComprehensiveIncomeNetOfTaxGainsLossesFromInvestmentsInEquityInstruments,113
ifrs_OtherComprehensiveIncomeNetOfTaxGainsLossesOnRevaluation,112
ifrs_OtherCurrentFinancialAssets,100
ifrs_OtherCurrentFinancialLiabilities,98
ifrs_OtherCurrentNonfinancialAssets,105
ifrs_OtherCurrentNonfinancialLiabilities,110
ifrs_OtherEquityInterest,114
ifrs_OtherIncomeExpenseFromSubsidiariesJointlyControlledEntitiesAndAssociates,114
ifrs_OtherNoncurrentFinancialAssets,98
ifrs_OtherNoncurrentFinancialLiabilities,105
ifrs_OtherNoncurrentNonfinancialAssets,111
ifrs_OtherNoncurrentNonfinancialLiabilities,113
ifrs_OtherRevenue,113
ifrs_OtherShorttermProvisions,114
ifrs_ProfitLoss,83
ifrs_ProfitLossAttributableToNoncontrollingInterests,102
ifrs_ProfitLossAttributableToOwnersOfParent,98
ifrs_ProfitLossBeforeTax,83
ifrs_ProfitLossFromContinuingOperations,105
ifrs_ProfitLossFromDiscontinuedOperations,106
ifrs_PropertyPlantAndEquipment,83
ifrs_ReclassificationAdjustmentsOnExchangeDifferencesOnTranslationNetOfTax,114
ifrs_RetainedEarnings,86
ifrs_Revenue,83
ifrs_RevenueFromConstructionContracts,113
ifrs_RevenueFromRenderingOfServices,112
ifrs_RevenueFromSaleOfGoods,111
ifrs_ShareOfProfitLossOfAssociatesAndJointVenturesAccountedForUsingEquityMethod,113
ifrs_SharePremium,108
ifrs_SharebasedPaymentTransactions,114
ifrs_ShorttermBorrowings,101
ifrs_ShorttermInvestmentsClassifiedAsCashEquivalents,114
ifrs_ShorttermMiscellaneousOtherProvisions,113
ifrs_ShorttermOnerousContractsProvision,114
ifrs_TradeAndOtherCurrentPayables,89
ifrs_TradeAndOtherCurrentReceivables,90
ifrs_TreasuryShares,112
